"City","alpha.3","Latitude","Longitude","citycountry"
"al ain","ARE",24.191667,55.760556,"al ain.ARE"
"abu dhabi","ARE",24.466667,54.366667,"abu dhabi.ARE"
"sharjah","ARE",25.35731,55.403304,"sharjah.ARE"
"dubai","ARE",25.258172,55.304717,"dubai.ARE"
"tirana","ALB",41.3275,19.8188889,"tirana.ALB"
"yerevan","ARM",40.1811111,44.5136111,"yerevan.ARM"
"moron","ARG",-34.653436,-58.619751,"moron.ARG"
"lomas de zamora","ARG",-34.76088,-58.406319,"lomas de zamora.ARG"
"mar del plata","ARG",-38.002278,-57.557539,"mar del plata.ARG"
"mendoza","ARG",-32.890845,-68.827171,"mendoza.ARG"
"merlo","ARG",-34.668544,-58.722246,"merlo.ARG"
"resistencia","ARG",-27.46056,-58.983886,"resistencia.ARG"
"rosario","ARG",-28.362215,-66.160184,"rosario.ARG"
"salta","ARG",-24.785896,-65.411664,"salta.ARG"
"san antonio de padua","ARG",-34.664457,-58.707689,"san antonio de padua.ARG"
"san nicolas","ARG",-33.335784,-60.225233,"san nicolas.ARG"
"lanus","ARG",-34.702524,-58.395497,"lanus.ARG"
"la plata","ARG",-34.921454,-57.954533,"la plata.ARG"
"la rioja","ARG",-29.411048,-66.850668,"la rioja.ARG"
"tandil","ARG",-37.321674,-59.133164,"tandil.ARG"
"temperley","ARG",-34.77652,-58.406931,"temperley.ARG"
"tortuguitas","ARG",-34.469684,-58.759166,"tortuguitas.ARG"
"tristan suarez","ARG",-34.892554,-58.568879,"tristan suarez.ARG"
"tucuman","ARG",-26.824144,-65.2226,"tucuman.ARG"
"venado tuerto","ARG",-33.745564,-61.968845,"venado tuerto.ARG"
"villa angelica","ARG",-32.938835,-60.591013,"villa angelica.ARG"
"zarate","ARG",-34.098142,-59.028585,"zarate.ARG"
"derqui","ARG",-34.490075,-58.831085,"derqui.ARG"
"neuquen","ARG",-38.951606,-68.059102,"neuquen.ARG"
"nunez","ARG",-34.548691,-58.450356,"nunez.ARG"
"olivos","ARG",-34.507469,-58.487025,"olivos.ARG"
"parana","ARG",-31.731967,-60.523802,"parana.ARG"
"pinamar","ARG",-37.107945,-56.861396,"pinamar.ARG"
"posadas","ARG",-27.367077,-55.896078,"posadas.ARG"
"bahia blanca","ARG",-38.719595,-62.272432,"bahia blanca.ARG"
"balnearia","ARG",-31.008801,-62.667333,"balnearia.ARG"
"bella vista","ARG",-34.564299,-58.676243,"bella vista.ARG"
"berisso","ARG",-34.873497,-57.883029,"berisso.ARG"
"bolivar","ARG",-36.25,-61.1,"bolivar.ARG"
"santa rosa","ARG",-28.043689,-67.581958,"santa rosa.ARG"
"santo tome","ARG",-28.549392,-56.040766,"santo tome.ARG"
"castelar","ARG",-34.652403,-58.637467,"castelar.ARG"
"chajari","ARG",-30.750477,-57.979624,"chajari.ARG"
"cordoba","ARG",-31.413496,-64.181052,"cordoba.ARG"
"corrientes","ARG",-27.480596,-58.834099,"corrientes.ARG"
"glew","ARG",-34.891506,-58.377635,"glew.ARG"
"escobar","ARG",-34.34905,-58.793085,"escobar.ARG"
"florencio varela","ARG",-34.827222,-58.395556,"florencio varela.ARG"
"formosa","ARG",-26.177534,-58.178139,"formosa.ARG"
"general deheza","ARG",-32.7566,-63.786109,"general deheza.ARG"
"capilla del monte","ARG",-30.860885,-64.525152,"capilla del monte.ARG"
"ingeniero maschwitz","ARG",-34.388388,-58.737615,"ingeniero maschwitz.ARG"
"ituzaingo","ARG",-34.655822,-58.658364,"ituzaingo.ARG"
"jujuy","ARG",-24.194565,-65.297116,"jujuy.ARG"
"buenos aires","ARG",-34.5875,-58.6725,"buenos aires.ARG"
"bad fischau","AUT",47.833333,16.166667,"bad fischau.AUT"
"dornbirn","AUT",47.416667,9.733056,"dornbirn.AUT"
"eisenstadt","AUT",47.85,16.516667,"eisenstadt.AUT"
"gmunden","AUT",47.916667,13.8,"gmunden.AUT"
"schwechat","AUT",48.133333,16.466667,"schwechat.AUT"
"vienna","AUT",48.2,16.366667,"vienna.AUT"
"footscray","AUS",-37.8,144.9,"footscray.AUS"
"adelaide","AUS",-34.928661,138.598633,"adelaide.AUS"
"mandurah","AUS",-32.526901,115.721703,"mandurah.AUS"
"oranjestad","ABW",12.5166667,-70.0333333,"oranjestad.ABW"
"baku","AZE",40.395278,49.882222,"baku.AZE"
"bugojno","BIH",44.0572222,17.4508333,"bugojno.BIH"
"busovaca","BIH",44.0975,17.8788889,"busovaca.BIH"
"banja luka","BIH",44.7758333,17.1855556,"banja luka.BIH"
"banovici","BIH",44.4041667,18.4475,"banovici.BIH"
"bijeljina","BIH",44.7569444,19.2161111,"bijeljina.BIH"
"brcko","BIH",44.8727778,18.8083333,"brcko.BIH"
"modrica","BIH",44.9544444,18.3036111,"modrica.BIH"
"mostar","BIH",43.3433333,17.8080556,"mostar.BIH"
"pale","BIH",43.8205556,17.6922222,"pale.BIH"
"prijedor","BIH",44.9813889,16.7130556,"prijedor.BIH"
"prnjavor","BIH",44.1291667,18.3113889,"prnjavor.BIH"
"doboj","BIH",43.1513889,17.8352778,"doboj.BIH"
"foca","BIH",43.505,18.7786111,"foca.BIH"
"gracanica","BIH",44.7033333,18.3097222,"gracanica.BIH"
"gradacac","BIH",44.8808333,18.4269444,"gradacac.BIH"
"konjic","BIH",43.6519444,17.9613889,"konjic.BIH"
"visoko","BIH",43.9888889,18.1780556,"visoko.BIH"
"sarajevo","BIH",43.85,18.3833333,"sarajevo.BIH"
"siroki brijeg","BIH",43.3833333,17.5927778,"siroki brijeg.BIH"
"srebrenik","BIH",44.7077778,18.4880556,"srebrenik.BIH"
"tesanj","BIH",44.6116667,17.9872222,"tesanj.BIH"
"teslic","BIH",44.6063889,17.8597222,"teslic.BIH"
"tuzla","BIH",44.5427778,18.6694444,"tuzla.BIH"
"zavidovici","BIH",44.4458333,18.1497222,"zavidovici.BIH"
"zenica","BIH",44.2013889,17.9063889,"zenica.BIH"
"zepce","BIH",44.4266667,18.0377778,"zepce.BIH"
"zivinice","BIH",44.4494444,18.6497222,"zivinice.BIH"
"zvornik","BIH",44.3869444,19.1013889,"zvornik.BIH"
"barisal","BGD",22.7,90.3666667,"barisal.BGD"
"chittagong","BGD",22.3636111,91.8033333,"chittagong.BGD"
"dhaka","BGD",23.7230556,90.4086111,"dhaka.BGD"
"savar","BGD",23.8441667,90.2511111,"savar.BGD"
"sylhet","BGD",24.5333333,91.8666667,"sylhet.BGD"
"mymensingh","BGD",24.75,90.4,"mymensingh.BGD"
"narayanganj","BGD",23.6233333,90.5011111,"narayanganj.BGD"
"comilla","BGD",23.4577778,91.2044444,"comilla.BGD"
"gent","BEL",51.05,3.716667,"gent.BEL"
"ittre","BEL",50.65,4.266667,"ittre.BEL"
"herentals","BEL",51.183333,4.833333,"herentals.BEL"
"antwerpen","BEL",51.216667,4.416667,"antwerpen.BEL"
"ath","BEL",50.633333,3.783333,"ath.BEL"
"brussel","BEL",50.833333,4.333333,"brussel.BEL"
"brussels","BEL",50.833333,4.333333,"brussels.BEL"
"charleroi","BEL",50.416667,4.433333,"charleroi.BEL"
"thuin","BEL",50.333333,4.283333,"thuin.BEL"
"namur","BEL",50.466667,4.866667,"namur.BEL"
"kardzhali","BGR",41.65,25.3666667,"kardzhali.BGR"
"karlovo","BGR",41.5333333,25.9333333,"karlovo.BGR"
"kazanlak","BGR",42.6166667,25.4,"kazanlak.BGR"
"haskovo","BGR",41.9402778,25.5694444,"haskovo.BGR"
"hisar","BGR",42.5,24.7,"hisar.BGR"
"belene","BGR",43.65,25.1166667,"belene.BGR"
"blagoevgrad","BGR",42.0166667,23.1,"blagoevgrad.BGR"
"burgas","BGR",42.5,27.4666667,"burgas.BGR"
"byala slatina","BGR",43.4666667,23.9333333,"byala slatina.BGR"
"assenovgrad","BGR",42.0166667,24.8666667,"assenovgrad.BGR"
"gabrovo","BGR",42.8747222,25.3341667,"gabrovo.BGR"
"svilengrad","BGR",41.7666667,26.2,"svilengrad.BGR"
"svoge","BGR",42.9666667,23.35,"svoge.BGR"
"tarnovo","BGR",43.0858333,25.6555556,"tarnovo.BGR"
"tutrakan","BGR",44.05,26.6166667,"tutrakan.BGR"
"varna","BGR",43.2166667,27.9166667,"varna.BGR"
"vidin","BGR",42.3166667,26.3833333,"vidin.BGR"
"vinogradec","BGR",42.2833333,24.1333333,"vinogradec.BGR"
"yambol","BGR",42.4833333,26.5,"yambol.BGR"
"dimitrovgrad","BGR",42.05,25.6,"dimitrovgrad.BGR"
"dobrich","BGR",42.1833333,26.6666667,"dobrich.BGR"
"pleven","BGR",43.4166667,24.6166667,"pleven.BGR"
"plovdiv","BGR",42.15,24.75,"plovdiv.BGR"
"pomorie","BGR",42.55,27.65,"pomorie.BGR"
"radnevo","BGR",42.3,25.9333333,"radnevo.BGR"
"razgrad","BGR",43.7627778,23.5016667,"razgrad.BGR"
"momchilgrad","BGR",41.5333333,25.4166667,"momchilgrad.BGR"
"montana","BGR",43.4125,23.225,"montana.BGR"
"rousse","BGR",43.8563889,25.9708333,"rousse.BGR"
"sevlievo","BGR",43.0258333,25.1136111,"sevlievo.BGR"
"sliven","BGR",42.6858333,26.3291667,"sliven.BGR"
"sofia","BGR",42.6833333,23.3166667,"sofia.BGR"
"stara zagora","BGR",42.4327778,25.6419444,"stara zagora.BGR"
"shumen","BGR",43.2766667,26.9291667,"shumen.BGR"
"manama","BHR",26.2361111,50.5830556,"manama.BHR"
"cotonou","BEN",6.35,2.4333333,"cotonou.BEN"
"santa cruz","BOL",-12.2833333,-66.25,"santa cruz.BOL"
"la paz","BOL",-13.9666667,-66.2002778,"la paz.BOL"
"pe de serra","BRA",-8.966667,-37.533333,"pe de serra.BRA"
"passo fundo","BRA",-25.582304,-50.177434,"passo fundo.BRA"
"paraguacu paulista","BRA",-22.416667,-50.566667,"paraguacu paulista.BRA"
"recife","BRA",-6.879167,-71.063056,"recife.BRA"
"pelotas","BRA",-10.066667,-66.866667,"pelotas.BRA"
"ponta grossa","BRA",-13.016667,-38.7,"ponta grossa.BRA"
"porto alegre","BRA",-8.2,-72.766667,"porto alegre.BRA"
"planalto","BRA",-16.833333,-40.933333,"planalto.BRA"
"palmas","BRA",-26.5,-52,"palmas.BRA"
"alfenas","BRA",-21.433333,-45.95,"alfenas.BRA"
"americana","BRA",-22.740278,-47.334444,"americana.BRA"
"aparecida","BRA",-3.129722,-60.024444,"aparecida.BRA"
"apucarana","BRA",-23.55,-51.483333,"apucarana.BRA"
"aracaju","BRA",-10.916667,-37.066667,"aracaju.BRA"
"aracatuba","BRA",-2.516667,-66.416667,"aracatuba.BRA"
"arapiraca","BRA",-9.75,-36.65,"arapiraca.BRA"
"araruama","BRA",-22.883333,-42.333333,"araruama.BRA"
"porto velho","BRA",-13.6,-41.083333,"porto velho.BRA"
"barra mansa","BRA",-21.633333,-45.05,"barra mansa.BRA"
"barreiras","BRA",-10.166667,-36.166667,"barreiras.BRA"
"bauru","BRA",-22.316667,-49.066667,"bauru.BRA"
"belem","BRA",-9.583333,-36.416667,"belem.BRA"
"belo horizonte","BRA",-9.45,-37.266667,"belo horizonte.BRA"
"betim","BRA",-19.966667,-44.216667,"betim.BRA"
"brasilia","BRA",-11,-68.733333,"brasilia.BRA"
"caapora","BRA",-7.516667,-34.9,"caapora.BRA"
"cachoeirinha","BRA",-9.416667,-37.9,"cachoeirinha.BRA"
"camacari","BRA",-10.116667,-36.283333,"camacari.BRA"
"camaragibe","BRA",-8.016667,-34.966667,"camaragibe.BRA"
"campinas","BRA",-9.466667,-36.15,"campinas.BRA"
"campo formoso","BRA",-10.516667,-40.333333,"campo formoso.BRA"
"carapicuiba","BRA",-23.516667,-46.833333,"carapicuiba.BRA"
"cascavel","BRA",-13.166667,-41.4,"cascavel.BRA"
"cataguases","BRA",-21.4,-42.683333,"cataguases.BRA"
"catanduvas","BRA",-25.2,-53.133333,"catanduvas.BRA"
"cerqueira cesar","BRA",-23.05,-49.166667,"cerqueira cesar.BRA"
"cruzeiro","BRA",-5.24,-60.55,"cruzeiro.BRA"
"curitiba","BRA",-25.416667,-49.25,"curitiba.BRA"
"diadema","BRA",-23.7,-46.616667,"diadema.BRA"
"duque de caxias","BRA",-17.616667,-40.033333,"duque de caxias.BRA"
"esplanada","BRA",-11.783333,-37.95,"esplanada.BRA"
"feira de santana","BRA",-12.25,-38.95,"feira de santana.BRA"
"florianopolis","BRA",-7.7,-72.65,"florianopolis.BRA"
"fortaleza","BRA",-10.083333,-69.083333,"fortaleza.BRA"
"foz do iguacu","BRA",-25.55,-54.583333,"foz do iguacu.BRA"
"gaspar","BRA",-26.933333,-48.966667,"gaspar.BRA"
"goiania","BRA",-16.666667,-49.266667,"goiania.BRA"
"governador valadares","BRA",-18.85,-41.933333,"governador valadares.BRA"
"guarulhos","BRA",-21.733333,-41.333333,"guarulhos.BRA"
"guidoval","BRA",-21.15,-42.8,"guidoval.BRA"
"icara","BRA",-20.816667,-44.483333,"icara.BRA"
"iguaba grande","BRA",-22.833333,-42.216667,"iguaba grande.BRA"
"ipatinga","BRA",-19.5,-42.533333,"ipatinga.BRA"
"itajuba","BRA",-22.433333,-45.45,"itajuba.BRA"
"ivaipora","BRA",-24.25,-51.75,"ivaipora.BRA"
"jacarezinho","BRA",-4.456111,-59.838056,"jacarezinho.BRA"
"januaria","BRA",-15.483333,-44.366667,"januaria.BRA"
"joao pessoa","BRA",-6.666667,-69.866667,"joao pessoa.BRA"
"joinville","BRA",-26.3,-48.833333,"joinville.BRA"
"juiz de fora","BRA",-21.751667,-43.352778,"juiz de fora.BRA"
"lagoa nova","BRA",-12.75,-40.9,"lagoa nova.BRA"
"londrina","BRA",-23.3,-51.15,"londrina.BRA"
"macapa","BRA",0.033333,-51.05,"macapa.BRA"
"mage","BRA",-22.655556,-43.015278,"mage.BRA"
"manaus","BRA",-3.113333,-60.025278,"manaus.BRA"
"contagem","BRA",-19.916667,-44.1,"contagem.BRA"
"marcelino ramos","BRA",-27.466667,-51.9,"marcelino ramos.BRA"
"maringa","BRA",-23.416667,-51.916667,"maringa.BRA"
"matao","BRA",-6.716667,-44.183333,"matao.BRA"
"mata verde","BRA",-9.483333,-36.35,"mata verde.BRA"
"maua","BRA",-21.9,-57.483333,"maua.BRA"
"mogi das cruzes","BRA",-23.516667,-46.183333,"mogi das cruzes.BRA"
"montenegro","BRA",2.05,-50.8,"montenegro.BRA"
"natal","BRA",-2.716667,-66.8,"natal.BRA"
"niteroi","BRA",-6.7,-59.1,"niteroi.BRA"
"nova iguacu","BRA",-22.759188,-43.431887,"nova iguacu.BRA"
"nova olinda","BRA",-10.116667,-69.183333,"nova olinda.BRA"
"orlandia","BRA",-20.716667,-47.883333,"orlandia.BRA"
"rio de janeiro","BRA",-22.9,-43.233333,"rio de janeiro.BRA"
"salvador","BRA",-12.983333,-38.516667,"salvador.BRA"
"santa barbara","BRA",-4.062222,-66.418611,"santa barbara.BRA"
"santa maria","BRA",0.25,-51.65,"santa maria.BRA"
"mangabeira","BRA",-12.05,-41.9,"mangabeira.BRA"
"sao bernardo do campo","BRA",-23.7,-46.55,"sao bernardo do campo.BRA"
"sao bernardo","BRA",-7.166667,-71.95,"sao bernardo.BRA"
"sao goncalo do amarante","BRA",-3.6,-38.966667,"sao goncalo do amarante.BRA"
"sao goncalo","BRA",-11.566667,-42.616667,"sao goncalo.BRA"
"sao jose do rio preto","BRA",-22.166667,-42.95,"sao jose do rio preto.BRA"
"sao jose","BRA",-9.4,-68.733333,"sao jose.BRA"
"sao leopoldo","BRA",-7.516667,-72.55,"sao leopoldo.BRA"
"sao lourenco da mata","BRA",-8,-35.05,"sao lourenco da mata.BRA"
"sao luis","BRA",-10.3,-67.133333,"sao luis.BRA"
"sao paulo","BRA",-9.45,-36.033333,"sao paulo.BRA"
"sapiranga","BRA",-29.633333,-51,"sapiranga.BRA"
"senhor do bonfim","BRA",-10.45,-40.183333,"senhor do bonfim.BRA"
"sete lagoas","BRA",-19.45,-44.233333,"sete lagoas.BRA"
"vila velha","BRA",3.216667,-51.216667,"vila velha.BRA"
"viradouro","BRA",-20.883333,-48.3,"viradouro.BRA"
"vitoria","BRA",-8.363889,-72.759167,"vitoria.BRA"
"volta redonda","BRA",-22.533333,-44.116667,"volta redonda.BRA"
"taquaritinga do norte","BRA",-7.9,-36.05,"taquaritinga do norte.BRA"
"taubate","BRA",-23.033333,-45.55,"taubate.BRA"
"sorocaba","BRA",-5.615278,-37.406389,"sorocaba.BRA"
"teofilo otoni","BRA",-17.85,-41.5,"teofilo otoni.BRA"
"teresina","BRA",-5.083333,-42.816667,"teresina.BRA"
"santo andre","BRA",-12.25,-42.083333,"santo andre.BRA"
"kelowna","CAN",49.9,-119.483333,"kelowna.CAN"
"lethbridge","CAN",49.7,-112.833333,"lethbridge.CAN"
"lively","CAN",46.433333,-81.15,"lively.CAN"
"kirkland lake","CAN",48.15,-80.033333,"kirkland lake.CAN"
"kitchener","CAN",49.15,-116.333333,"kitchener.CAN"
"markham","CAN",43.866667,-79.266667,"markham.CAN"
"london","CAN",42.983333,-81.25,"london.CAN"
"longueuil","CAN",45.533333,-73.516667,"longueuil.CAN"
"newmarket","CAN",44.05,-79.45,"newmarket.CAN"
"oakville","CAN",43.433333,-79.666667,"oakville.CAN"
"orleans","CAN",45.466667,-75.516667,"orleans.CAN"
"ottawa","CAN",45.416667,-75.7,"ottawa.CAN"
"owen sound","CAN",44.566667,-80.85,"owen sound.CAN"
"regina","CAN",50.45,-104.616667,"regina.CAN"
"saskatoon","CAN",52.133333,-106.666667,"saskatoon.CAN"
"scarborough","CAN",43.75,-79.2,"scarborough.CAN"
"stoney creek","CAN",43.216667,-79.75,"stoney creek.CAN"
"sudbury","CAN",46.5,-80.966667,"sudbury.CAN"
"sydney","CAN",48.65,-123.416667,"sydney.CAN"
"whitby","CAN",43.866667,-78.933333,"whitby.CAN"
"winnipeg","CAN",49.883333,-97.166667,"winnipeg.CAN"
"bowmanville","CAN",43.9,-78.683333,"bowmanville.CAN"
"calgary","CAN",51.083333,-114.083333,"calgary.CAN"
"mississauga","CAN",43.15,-79.5,"mississauga.CAN"
"moncton","CAN",46.083333,-64.766667,"moncton.CAN"
"thompson","CAN",55.75,-97.866667,"thompson.CAN"
"toronto","CAN",43.666667,-79.416667,"toronto.CAN"
"vaudreuil","CAN",45.4,-74.033333,"vaudreuil.CAN"
"welland","CAN",42.983333,-79.25,"welland.CAN"
"gordola","CHE",46.182102,8.862053,"gordola.CHE"
"lugano","CHE",46.006182,8.951142,"lugano.CHE"
"thun","CHE",46.751176,7.621663,"thun.CHE"
"osorno","CHL",-40.566667,-73.15,"osorno.CHL"
"arica","CHL",-18.475,-70.30417,"arica.CHL"
"puerto montt","CHL",-41.469848,-72.944745,"puerto montt.CHL"
"santiago","CHL",-33.45,-70.666667,"santiago.CHL"
"talcahuano","CHL",-36.716667,-73.116667,"talcahuano.CHL"
"vina del mar","CHL",-33.008056,-71.519722,"vina del mar.CHL"
"curico","CHL",-34.983333,-71.233333,"curico.CHL"
"concepcion","CHL",-36.833333,-73.05,"concepcion.CHL"
"beijing","CHN",29.346443,116.198733,"beijing.CHN"
"dalian","CHN",29.150278,120.227222,"dalian.CHN"
"changsha","CHN",30.741667,117.463889,"changsha.CHN"
"changyi","CHN",29.024434,116.0606,"changyi.CHN"
"chongqing","CHN",45.880291,127.133732,"chongqing.CHN"
"hefei","CHN",31.863889,117.280833,"hefei.CHN"
"guangzhou","CHN",27.381639,114.134262,"guangzhou.CHN"
"guanzhou","CHN",30.868766,118.359935,"guanzhou.CHN"
"meizhou","CHN",27.098383,114.239625,"meizhou.CHN"
"nanjing","CHN",24.686292,114.401285,"nanjing.CHN"
"ningbo","CHN",29.878186,121.549453,"ningbo.CHN"
"qingdao","CHN",36.098611,120.371944,"qingdao.CHN"
"shanghai","CHN",29.329547,121.058037,"shanghai.CHN"
"shenyang","CHN",27.831733,119.657043,"shenyang.CHN"
"taiyuan","CHN",30.710932,118.400485,"taiyuan.CHN"
"tianjin","CHN",30.73454,119.526518,"tianjin.CHN"
"wuhan","CHN",32.224452,120.232681,"wuhan.CHN"
"xiangtan","CHN",30.260636,118.215047,"xiangtan.CHN"
"xian","CHN",29.670072,118.057392,"xian.CHN"
"zhanjiang","CHN",22.901389,109.790833,"zhanjiang.CHN"
"huhehaote","CHN",40.810556,111.652222,"huhehaote.CHN"
"jiaxing","CHN",30.752198,120.749997,"jiaxing.CHN"
"jinan","CHN",28.26,119.191667,"jinan.CHN"
"barranquilla","COL",-2.410773,-70.576229,"barranquilla.COL"
"bucaramanga","COL",8.788333,-76.035556,"bucaramanga.COL"
"cali","COL",8.850483,-75.607808,"cali.COL"
"cartagena","COL",-2.444944,-72.289701,"cartagena.COL"
"cartago","COL",1.563054,-77.117602,"cartago.COL"
"pereira","COL",8.516569,-76.077564,"pereira.COL"
"desamparados","CRI",10.024069,-84.186378,"desamparados.CRI"
"nicosia","CYP",35.1666667,33.3666667,"nicosia.CYP"
"chotebuz","CZE",49.769761,18.568818,"chotebuz.CZE"
"ceske budejovice","CZE",48.983333,14.466667,"ceske budejovice.CZE"
"zlin","CZE",49.216667,17.666667,"zlin.CZE"
"hulin","CZE",49.314891,17.471896,"hulin.CZE"
"nove mesto na morave","CZE",49.562994,16.074353,"nove mesto na morave.CZE"
"prague","CZE",50.083333,14.466667,"prague.CZE"
"jedovnice","CZE",49.344289,16.755841,"jedovnice.CZE"
"mlada boleslav","CZE",50.42311,14.919316,"mlada boleslav.CZE"
"trutnov","CZE",50.565612,15.914355,"trutnov.CZE"
"slavkov u brna","CZE",49.153157,16.879558,"slavkov u brna.CZE"
"sumperk","CZE",49.965811,16.978874,"sumperk.CZE"
"zdounky","CZE",49.229255,17.314168,"zdounky.CZE"
"teplice","CZE",50.646569,13.840138,"teplice.CZE"
"aachen","DEU",50.770833,6.105278,"aachen.DEU"
"kulmbach","DEU",50.1,11.45,"kulmbach.DEU"
"bottrop","DEU",51.516667,6.916667,"bottrop.DEU"
"brandenburg","DEU",48.233333,10.066667,"brandenburg.DEU"
"burkhardtsdorf","DEU",50.733333,12.916667,"burkhardtsdorf.DEU"
"chemnitz","DEU",53.583333,13.15,"chemnitz.DEU"
"dortmund","DEU",51.516667,7.45,"dortmund.DEU"
"dresden","DEU",51.05,13.75,"dresden.DEU"
"duisburg","DEU",51.433333,6.75,"duisburg.DEU"
"erfurt","DEU",50.983333,11.033333,"erfurt.DEU"
"frankfurt am main","DEU",50.116667,8.683333,"frankfurt am main.DEU"
"frankfurt","DEU",49.683333,10.533333,"frankfurt.DEU"
"freiburg","DEU",48,7.85,"freiburg.DEU"
"greiz","DEU",50.65,12.2,"greiz.DEU"
"hamburg","DEU",53.55,10,"hamburg.DEU"
"horb","DEU",48.433333,8.683333,"horb.DEU"
"stuttgart","DEU",48.766667,9.183333,"stuttgart.DEU"
"tarp","DEU",54.666667,9.4,"tarp.DEU"
"voerde","DEU",51.6,6.683333,"voerde.DEU"
"zirndorf","DEU",49.45,10.95,"zirndorf.DEU"
"munich","DEU",48.15,11.5833,"munich.DEU"
"naila","DEU",50.316667,11.7,"naila.DEU"
"nidderau","DEU",50.25,8.9,"nidderau.DEU"
"oldenburg","DEU",53.166667,8.2,"oldenburg.DEU"
"oranienburg","DEU",52.75,13.233333,"oranienburg.DEU"
"ostfildern","DEU",48.716667,9.266667,"ostfildern.DEU"
"paderborn","DEU",51.716667,8.766667,"paderborn.DEU"
"remscheid","DEU",51.183333,7.2,"remscheid.DEU"
"schackensleben","DEU",52.2,11.416667,"schackensleben.DEU"
"schleswig","DEU",54.516667,9.55,"schleswig.DEU"
"schnaittach","DEU",49.559167,11.343056,"schnaittach.DEU"
"sindelfingen","DEU",48.7,9.016667,"sindelfingen.DEU"
"solingen","DEU",51.183333,7.083333,"solingen.DEU"
"speyer","DEU",49.329722,8.427778,"speyer.DEU"
"meitingen","DEU",48.55,10.85,"meitingen.DEU"
"mettmann","DEU",51.25,6.966667,"mettmann.DEU"
"bielefeld","DEU",52.033333,8.533333,"bielefeld.DEU"
"bochum","DEU",53.633333,7.633333,"bochum.DEU"
"leverkusen","DEU",51.016667,6.983333,"leverkusen.DEU"
"berlin","DEU",54.033333,10.45,"berlin.DEU"
"marktoberdorf","DEU",47.783333,10.616667,"marktoberdorf.DEU"
"leipzig","DEU",51.3,12.333333,"leipzig.DEU"
"billund","DNK",55.731157,9.113309,"billund.DNK"
"copenhagen","DNK",55.666667,12.583333,"copenhagen.DNK"
"vejle","DNK",55.708391,9.542763,"vejle.DNK"
"hvidovre","DNK",55.650261,12.475765,"hvidovre.DNK"
"ribe","DNK",55.329462,8.781352,"ribe.DNK"
"toftlund","DNK",55.18858,9.069251,"toftlund.DNK"
"santo domingo","DOM",18.4666667,-69.9,"santo domingo.DOM"
"santiago","DOM",19.45,-70.7,"santiago.DOM"
"moca","DOM",19.4166667,-70.5666667,"moca.DOM"
"djelfa","DZA",34.6666667,3.25,"djelfa.DZA"
"algiers","DZA",36.7630556,3.0505556,"algiers.DZA"
"batna","DZA",35.5552778,6.1786111,"batna.DZA"
"blida","DZA",36.4686111,2.8288889,"blida.DZA"
"bouira","DZA",36.2155556,5.2783333,"bouira.DZA"
"annaba","DZA",36.9,7.7666667,"annaba.DZA"
"chlef","DZA",36.1647222,1.3347222,"chlef.DZA"
"constantine","DZA",36.365,6.6147222,"constantine.DZA"
"jijel","DZA",36.8,5.7666667,"jijel.DZA"
"khenchela","DZA",35.4358333,7.1433333,"khenchela.DZA"
"oran","DZA",35.6911111,-0.6416667,"oran.DZA"
"guayaquil","ECU",-2.1666667,-79.9,"guayaquil.ECU"
"ambato","ECU",-1.25,-78.6166667,"ambato.ECU"
"cuenca","ECU",-2.8833333,-78.9833333,"cuenca.ECU"
"portoviejo","ECU",-3.7166667,-79.6166667,"portoviejo.ECU"
"ibarra","ECU",0.35,-78.1166667,"ibarra.ECU"
"machala","ECU",-3.2666667,-79.9666667,"machala.ECU"
"manta","ECU",-0.95,-80.7333333,"manta.ECU"
"quito","ECU",-0.2166667,-78.5,"quito.ECU"
"santo domingo","ECU",-1.7166667,-78.75,"santo domingo.ECU"
"loja","ECU",-4,-79.2166667,"loja.ECU"
"tallinn","EST",59.4338889,24.7280556,"tallinn.EST"
"alexandria","EGY",31.1980556,29.9191667,"alexandria.EGY"
"el-mahalla el-kubra","EGY",30.9761111,31.1669444,"el-mahalla el-kubra.EGY"
"belbeis","EGY",30.4166667,31.5666667,"belbeis.EGY"
"benha","EGY",30.4608333,31.1875,"benha.EGY"
"cairo","EGY",30.05,31.25,"cairo.EGY"
"damietta","EGY",31.4194444,31.815,"damietta.EGY"
"port said","EGY",31.2666667,32.3,"port said.EGY"
"shoubra","EGY",30.0833333,31.2333333,"shoubra.EGY"
"sohag","EGY",26.55,31.7,"sohag.EGY"
"suez","EGY",29.9666667,32.55,"suez.EGY"
"tanta","EGY",30.7911111,30.9980556,"tanta.EGY"
"mansoura","EGY",31.0430556,31.3766667,"mansoura.EGY"
"minia","EGY",28.1194444,30.7444444,"minia.EGY"
"fakous","EGY",30.7297222,31.7972222,"fakous.EGY"
"hehia","EGY",30.67,31.5872222,"hehia.EGY"
"hurghada","EGY",27.2388889,33.8361111,"hurghada.EGY"
"ismailia","EGY",30.5833333,32.2666667,"ismailia.EGY"
"zagazig","EGY",30.5913889,31.5102778,"zagazig.EGY"
"las palmas de gran canaria","ESP",28.099727,-15.41343,"las palmas de gran canaria.ESP"
"llodio","ESP",43.143222,-2.962042,"llodio.ESP"
"jerez de la frontera","ESP",36.686454,-6.136063,"jerez de la frontera.ESP"
"madrid","ESP",40.408566,-3.69222,"madrid.ESP"
"mairena del alcor","ESP",37.373014,-5.749515,"mairena del alcor.ESP"
"vigo","ESP",43.563902,-6.628236,"vigo.ESP"
"villafranca de los caballeros","ESP",39.42815,-3.358812,"villafranca de los caballeros.ESP"
"badajoz","ESP",38.877894,-6.970613,"badajoz.ESP"
"badalona","ESP",41.447145,2.244789,"badalona.ESP"
"barbastro","ESP",42.035573,0.127019,"barbastro.ESP"
"barbate","ESP",36.192368,-5.921862,"barbate.ESP"
"barcelona","ESP",41.398371,2.1741,"barcelona.ESP"
"beasain","ESP",43.05,-2.183333,"beasain.ESP"
"bilbao","ESP",43.260919,-2.938764,"bilbao.ESP"
"burgos","ESP",42.350221,-3.675273,"burgos.ESP"
"burriana","ESP",39.889007,-0.084989,"burriana.ESP"
"calafell","ESP",41.187937,1.569665,"calafell.ESP"
"calahorra","ESP",42.30506,-1.965209,"calahorra.ESP"
"caprala","ESP",38.530369,-0.760783,"caprala.ESP"
"cartagena","ESP",37.605121,-0.986232,"cartagena.ESP"
"cieza","ESP",38.239984,-1.419874,"cieza.ESP"
"ciudad real","ESP",38.986258,-3.92907,"ciudad real.ESP"
"consell","ESP",39.669284,2.814865,"consell.ESP"
"elche","ESP",38.264987,-0.706103,"elche.ESP"
"zamora","ESP",37.615404,-3.370571,"zamora.ESP"
"zaragoza","ESP",41.64531,-0.884861,"zaragoza.ESP"
"girona","ESP",41.984444,2.821111,"girona.ESP"
"granada","ESP",37.178354,-3.599201,"granada.ESP"
"huelva","ESP",37.271447,-6.949464,"huelva.ESP"
"huesca","ESP",42.13868,-0.409411,"huesca.ESP"
"san fernando","ESP",36.4759,-6.198166,"san fernando.ESP"
"santa coloma","ESP",42.367174,-2.655983,"santa coloma.ESP"
"santa cruz de tenerife","ESP",28.460238,-16.280616,"santa cruz de tenerife.ESP"
"santander","ESP",43.464722,-3.804444,"santander.ESP"
"santa pola","ESP",38.19273,-0.557868,"santa pola.ESP"
"san vicente del raspeig","ESP",38.396886,-0.522619,"san vicente del raspeig.ESP"
"sevilla","ESP",37.382408,-5.976133,"sevilla.ESP"
"tarragona","ESP",41.116667,1.25,"tarragona.ESP"
"terrassa","ESP",41.561111,2.008056,"terrassa.ESP"
"tomelloso","ESP",39.158516,-3.020826,"tomelloso.ESP"
"torralba de calatrava","ESP",39.017847,-3.751048,"torralba de calatrava.ESP"
"torrent","ESP",41.952427,3.126837,"torrent.ESP"
"torreperogil","ESP",38.035404,-3.289977,"torreperogil.ESP"
"valencia","ESP",42.402505,-7.075915,"valencia.ESP"
"valladolid","ESP",41.655181,-4.72372,"valladolid.ESP"
"molina de segura","ESP",38.054559,-1.207631,"molina de segura.ESP"
"montgat","ESP",41.468488,2.280459,"montgat.ESP"
"murcia","ESP",37.987041,-1.130042,"murcia.ESP"
"navatejera","ESP",42.628417,-5.564354,"navatejera.ESP"
"orense","ESP",42.331342,-7.862711,"orense.ESP"
"orihuela","ESP",38.084834,-0.944011,"orihuela.ESP"
"petrel","ESP",38.482893,-0.775494,"petrel.ESP"
"puerto de sagunto","ESP",39.65,-0.216667,"puerto de sagunto.ESP"
"ripollet","ESP",41.496859,2.157387,"ripollet.ESP"
"rota","ESP",36.622363,-6.358589,"rota.ESP"
"sabadell","ESP",41.54329,2.109423,"sabadell.ESP"
"salamanca","ESP",40.9681,-5.66202,"salamanca.ESP"
"arona","ESP",28.098519,-16.682201,"arona.ESP"
"adeje","ESP",28.11984,-16.725581,"adeje.ESP"
"albacete","ESP",38.995845,-1.857773,"albacete.ESP"
"alcantarilla","ESP",37.96939,-1.217138,"alcantarilla.ESP"
"algeciras","ESP",36.133257,-5.450511,"algeciras.ESP"
"alicante","ESP",38.34619,-0.487722,"alicante.ESP"
"oviedo","ESP",43.363223,-5.853128,"oviedo.ESP"
"palma de mallorca","ESP",39.574337,2.655222,"palma de mallorca.ESP"
"palma","ESP",39.574337,2.655222,"palma.ESP"
"pamplona","ESP",42.814075,-1.641153,"pamplona.ESP"
"helsinki","FIN",60.175556,24.934167,"helsinki.FIN"
"ilomantsi","FIN",62.666667,30.916667,"ilomantsi.FIN"
"tampere","FIN",61.5,23.75,"tampere.FIN"
"turku","FIN",60.45,22.283333,"turku.FIN"
"kouvola","FIN",60.866667,26.7,"kouvola.FIN"
"corbeil-essonnes","FRA",48.606034,2.487571,"corbeil-essonnes.FRA"
"courbevoie","FRA",48.897,2.2564,"courbevoie.FRA"
"clermont","FRA",43.651572,-0.917095,"clermont.FRA"
"aix-en-provence","FRA",43.528695,5.448791,"aix-en-provence.FRA"
"annezin","FRA",50.531919,2.617847,"annezin.FRA"
"bouessay","FRA",47.87568,-0.395995,"bouessay.FRA"
"carpentras","FRA",44.054413,5.047716,"carpentras.FRA"
"muret","FRA",43.465874,1.327316,"muret.FRA"
"olivet","FRA",47.862194,1.8991,"olivet.FRA"
"paris","FRA",48.866667,2.333333,"paris.FRA"
"rueil-malmaison","FRA",48.876503,2.189666,"rueil-malmaison.FRA"
"soissons","FRA",47.258483,5.455367,"soissons.FRA"
"toulouse","FRA",46.822239,5.586825,"toulouse.FRA"
"tours","FRA",45.6745,3.576149,"tours.FRA"
"vidauban","FRA",43.427804,6.432905,"vidauban.FRA"
"lyon","FRA",45.748457,4.846711,"lyon.FRA"
"marseille","FRA",49.575785,1.954912,"marseille.FRA"
"massy","FRA",46.485425,4.604397,"massy.FRA"
"iffendic","FRA",48.12981,-2.034856,"iffendic.FRA"
"lacroix-saint-ouen","FRA",49.356853,2.788028,"lacroix-saint-ouen.FRA"
"poisy","FRA",45.923055,6.064346,"poisy.FRA"
"le pallet","FRA",47.13809,-1.334761,"le pallet.FRA"
"brentwood","GBR",51.616667,0.316667,"brentwood.GBR"
"brighton","GBR",50.833333,-0.15,"brighton.GBR"
"bristol","GBR",51.45,-2.583333,"bristol.GBR"
"bournemouth","GBR",50.716667,-1.883333,"bournemouth.GBR"
"bradford","GBR",53.783333,-1.75,"bradford.GBR"
"bedford","GBR",52,-0.5,"bedford.GBR"
"birmingham","GBR",52.466667,-1.916667,"birmingham.GBR"
"edinburgh","GBR",55.95,-3.2,"edinburgh.GBR"
"exeter","GBR",50.7,-3.533333,"exeter.GBR"
"bury saint edmunds","GBR",52.25,0.716667,"bury saint edmunds.GBR"
"ayr","GBR",55.45,-4.616667,"ayr.GBR"
"bangor","GBR",54.65,-5.7,"bangor.GBR"
"basingstoke","GBR",51.266667,-1.083333,"basingstoke.GBR"
"derby","GBR",52.933333,-1.5,"derby.GBR"
"newbury","GBR",51.4,-1.316667,"newbury.GBR"
"newport","GBR",53.75,-0.633333,"newport.GBR"
"northolt","GBR",51.533333,-0.366667,"northolt.GBR"
"norwich","GBR",52.633333,1.3,"norwich.GBR"
"nottingham","GBR",52.966667,-1.166667,"nottingham.GBR"
"oldham","GBR",53.55,-2.116667,"oldham.GBR"
"oxford","GBR",51.75,-1.25,"oxford.GBR"
"porth","GBR",51.613056,-3.403611,"porth.GBR"
"portsmouth","GBR",53.733333,-2.15,"portsmouth.GBR"
"redhill","GBR",51.365833,-2.720278,"redhill.GBR"
"saltburn-by-the-sea","GBR",54.584722,-0.976389,"saltburn-by-the-sea.GBR"
"saxmundham","GBR",52.216667,1.5,"saxmundham.GBR"
"sheffield","GBR",53.366667,-1.5,"sheffield.GBR"
"shrewsbury","GBR",52.716667,-2.733333,"shrewsbury.GBR"
"stockport","GBR",53.4,-2.15,"stockport.GBR"
"stoke-on-trent","GBR",53,-2.183333,"stoke-on-trent.GBR"
"swansea","GBR",51.633333,-3.966667,"swansea.GBR"
"swindon","GBR",51.933333,-2.1,"swindon.GBR"
"thornton heath","GBR",51.4,-0.1,"thornton heath.GBR"
"harrow","GBR",51.566667,-0.333333,"harrow.GBR"
"hereford","GBR",52.05,-2.716667,"hereford.GBR"
"high wycombe","GBR",51.633333,-0.766667,"high wycombe.GBR"
"hockley","GBR",52.5,-1.916667,"hockley.GBR"
"solihull","GBR",52.416667,-1.783333,"solihull.GBR"
"southampton","GBR",50.9,-1.4,"southampton.GBR"
"stalybridge","GBR",53.483333,-2.066667,"stalybridge.GBR"
"irvine","GBR",55.6,-4.666667,"irvine.GBR"
"lancaster","GBR",54.066667,-2.833333,"lancaster.GBR"
"leeds","GBR",51.233333,0.616667,"leeds.GBR"
"leicester","GBR",52.633333,-1.133333,"leicester.GBR"
"leigh-on-sea","GBR",51.55,0.666667,"leigh-on-sea.GBR"
"london","GBR",51.514125,-0.093689,"london.GBR"
"maidstone","GBR",51.266667,0.516667,"maidstone.GBR"
"mayfield","GBR",51,0.25,"mayfield.GBR"
"melton mowbray","GBR",52.766667,-0.883333,"melton mowbray.GBR"
"milton keynes","GBR",52.033333,-0.7,"milton keynes.GBR"
"hull","GBR",53.716667,-0.333333,"hull.GBR"
"wanstead","GBR",51.579375,0.024603,"wanstead.GBR"
"watford","GBR",51.666667,-0.4,"watford.GBR"
"weston-super-mare","GBR",51.345833,-2.967778,"weston-super-mare.GBR"
"york","GBR",54,-1.5,"york.GBR"
"tbilisi","GEO",41.725,44.7908333,"tbilisi.GEO"
"cayenne","GUF",4.9333333,-52.3333333,"cayenne.GUF"
"accra","GHA",5.55,-0.2166667,"accra.GHA"
"heraklion","GRC",35.325,25.1305556,"heraklion.GRC"
"athens","GRC",37.9833333,23.7333333,"athens.GRC"
"corfu","GRC",39.62,19.9197222,"corfu.GRC"
"guatemala city","GTM",14.621111,-90.526944,"guatemala city.GTM"
"central district","HKG",22.2833333,114.15,"central district.HKG"
"yuen long","HKG",22.4333333,114.0333333,"yuen long.HKG"
"kowloon","HKG",22.3166667,114.1833333,"kowloon.HKG"
"tuen mun","HKG",22.4,113.9833333,"tuen mun.HKG"
"tegucigalpa","HND",15.6333333,-88.25,"tegucigalpa.HND"
"san pedro sula","HND",15.5,-88.0333333,"san pedro sula.HND"
"osijek","HRV",46.1333333,16.55,"osijek.HRV"
"rijeka","HRV",45.2238889,15.7738889,"rijeka.HRV"
"pula","HRV",44.8683333,13.8480556,"pula.HRV"
"vinkovci","HRV",45.2883333,18.8047222,"vinkovci.HRV"
"zagreb","HRV",45.8,16,"zagreb.HRV"
"varazdin","HRV",46.3044444,16.3377778,"varazdin.HRV"
"budapest","HUN",47.5,19.083333,"budapest.HUN"
"csolnok","HUN",47.691155,18.716109,"csolnok.HUN"
"debrecen","HUN",47.533333,21.633333,"debrecen.HUN"
"putnok","HUN",48.3,20.433333,"putnok.HUN"
"szeged","HUN",46.25,20.166667,"szeged.HUN"
"szombathely","HUN",47.233333,16.616667,"szombathely.HUN"
"mende","HUN",47.431325,19.456282,"mende.HUN"
"monor","HUN",47.351333,19.447335,"monor.HUN"
"nagykoros","HUN",47.034189,19.778574,"nagykoros.HUN"
"balikpapan","IDN",-1.283333,116.833333,"balikpapan.IDN"
"cimahi","IDN",-7.2026,108.586,"cimahi.IDN"
"bandung","IDN",-6.8945,109.1204,"bandung.IDN"
"batam","IDN",1.2,104,"batam.IDN"
"batuampar","IDN",-6.2824,106.8604,"batuampar.IDN"
"bekasi","IDN",-6.2349,106.9896,"bekasi.IDN"
"bengkulu","IDN",-3.8,102.266667,"bengkulu.IDN"
"bogorejo","IDN",-6.7152,111.4316,"bogorejo.IDN"
"cibubur","IDN",-6.351,106.8765,"cibubur.IDN"
"jakarta","IDN",-6.174444,106.829444,"jakarta.IDN"
"jatisari","IDN",-7.474167,109.298056,"jatisari.IDN"
"mataram","IDN",-5.243434,104.706838,"mataram.IDN"
"medan","IDN",-0.439975,100.755419,"medan.IDN"
"padang","IDN",2.5965,96.2413,"padang.IDN"
"palembang","IDN",-5.452061,105.264122,"palembang.IDN"
"pasar baru","IDN",2.844,99.6467,"pasar baru.IDN"
"pekalongan","IDN",-6.8886,109.6753,"pekalongan.IDN"
"pekanbaru","IDN",0.533333,101.45,"pekanbaru.IDN"
"pontianak","IDN",-0.033333,109.333333,"pontianak.IDN"
"samarinda","IDN",-0.5,117.15,"samarinda.IDN"
"semarang","IDN",-6.9932,110.4203,"semarang.IDN"
"sleman","IDN",-7.1928,113.4021,"sleman.IDN"
"solo","IDN",-7.556111,110.831667,"solo.IDN"
"surabaya","IDN",-7.249167,112.750833,"surabaya.IDN"
"surakarta","IDN",-7.556111,110.831667,"surakarta.IDN"
"tangerang","IDN",-6.178056,106.63,"tangerang.IDN"
"tanjungpinang","IDN",-2.233333,115.916667,"tanjungpinang.IDN"
"kediri","IDN",-7.446389,109.205556,"kediri.IDN"
"klaten","IDN",-7.705833,110.606389,"klaten.IDN"
"lumajang","IDN",-8.1335,113.2248,"lumajang.IDN"
"madiun","IDN",-7.6298,111.5239,"madiun.IDN"
"magelang","IDN",-7.470556,110.217778,"magelang.IDN"
"makassar","IDN",2.45,99.783333,"makassar.IDN"
"denpasar","IDN",-8.65,115.216667,"denpasar.IDN"
"tebing tinggi","IDN",4.1396,97.9729,"tebing tinggi.IDN"
"yogyakarta","IDN",-7.782778,110.360833,"yogyakarta.IDN"
"dublin","IRL",53.3330556,-6.2488889,"dublin.IRL"
"maynooth","IRL",53.385,-6.5936111,"maynooth.IRL"
"mayo","IRL",54.0513889,-7.8536111,"mayo.IRL"
"portarlington","IRL",53.1622222,-7.1911111,"portarlington.IRL"
"cork","IRL",51.8986111,-8.4958333,"cork.IRL"
"kiryat gat","ISR",31.609981,34.764224,"kiryat gat.ISR"
"ramat gan","ISR",32.080556,34.814167,"ramat gan.ISR"
"tel aviv","ISR",32.066667,34.766667,"tel aviv.ISR"
"kulittalai","IND",10.916667,78.416667,"kulittalai.IND"
"malad","IND",19.183333,72.833333,"malad.IND"
"malappuram","IND",11.783333,92.716667,"malappuram.IND"
"malda","IND",25.033333,88.15,"malda.IND"
"mandi","IND",28.044444,76.117222,"mandi.IND"
"krishnagar","IND",23.4,88.5,"krishnagar.IND"
"meerut","IND",28.983333,77.7,"meerut.IND"
"mehsana","IND",23.6,72.4,"mehsana.IND"
"mohali","IND",21.283333,80.25,"mohali.IND"
"lucknow","IND",26.85,80.916667,"lucknow.IND"
"ludhiana","IND",30.9,75.85,"ludhiana.IND"
"madurai","IND",9.933333,78.116667,"madurai.IND"
"agra","IND",23.933333,77.55,"agra.IND"
"ahmedabad","IND",23.033333,72.616667,"ahmedabad.IND"
"ahmednagar","IND",23.6,72.95,"ahmednagar.IND"
"ajmer","IND",26.45,74.633333,"ajmer.IND"
"alappuzha","IND",9.494167,76.3275,"alappuzha.IND"
"mangalagiri","IND",16.433333,80.55,"mangalagiri.IND"
"mangalore","IND",12.863889,74.835278,"mangalore.IND"
"amritsar","IND",31.633056,74.865556,"amritsar.IND"
"amroha","IND",28.916667,78.466667,"amroha.IND"
"anand","IND",22.566667,72.933333,"anand.IND"
"avadi","IND",13.115556,80.101667,"avadi.IND"
"bagdogra","IND",26.7,88.316667,"bagdogra.IND"
"bahadurgarh","IND",28.683333,76.916667,"bahadurgarh.IND"
"balasore","IND",21.494167,86.931667,"balasore.IND"
"bangalore","IND",12.983333,77.583333,"bangalore.IND"
"bari","IND",31.159722,77.100278,"bari.IND"
"aligarh","IND",25.966667,76.083333,"aligarh.IND"
"allahabad","IND",25.45,81.85,"allahabad.IND"
"ambur","IND",12.783333,78.7,"ambur.IND"
"bhadreswar","IND",22.916667,69.9,"bhadreswar.IND"
"bhatar","IND",23.416667,87.9,"bhatar.IND"
"bhopal","IND",23.266667,77.4,"bhopal.IND"
"bhubaneswar","IND",20.233333,85.833333,"bhubaneswar.IND"
"bijapur","IND",16.833333,75.7,"bijapur.IND"
"burdwan","IND",23.240556,87.869444,"burdwan.IND"
"burnpur","IND",23.666667,86.933333,"burnpur.IND"
"calicut","IND",11.6,92.733333,"calicut.IND"
"chandigarh","IND",30.7343,76.7933,"chandigarh.IND"
"basirhat","IND",22.657222,88.894167,"basirhat.IND"
"chennai","IND",13.083333,80.283333,"chennai.IND"
"cochin","IND",9.966667,76.233333,"cochin.IND"
"coimbatore","IND",10.9925,76.961389,"coimbatore.IND"
"cuttack","IND",20.5,85.833333,"cuttack.IND"
"delhi","IND",28.666667,77.216667,"delhi.IND"
"durgapur","IND",20,79.3,"durgapur.IND"
"ernakulam","IND",9.983333,76.283333,"ernakulam.IND"
"erode","IND",11.35,77.733333,"erode.IND"
"faridabad","IND",17.359167,78.298333,"faridabad.IND"
"firozabad","IND",17.083333,76.8,"firozabad.IND"
"gandhinagar","IND",23.216667,72.683333,"gandhinagar.IND"
"gawan","IND",28.433333,78.35,"gawan.IND"
"ghansoli","IND",19.116667,72.983333,"ghansoli.IND"
"ghaziabad","IND",28.666667,77.433333,"ghaziabad.IND"
"gobichettipalayam","IND",11.466667,77.45,"gobichettipalayam.IND"
"gurgaon","IND",28.466667,77.033333,"gurgaon.IND"
"guwahati","IND",26.183333,91.733333,"guwahati.IND"
"haldwani","IND",29.216667,79.516667,"haldwani.IND"
"howrah","IND",22.589167,88.310278,"howrah.IND"
"hubli","IND",15.35,75.166667,"hubli.IND"
"hyderabad","IND",17.375278,78.474444,"hyderabad.IND"
"indore","IND",22.716667,75.833333,"indore.IND"
"jabalpur","IND",23.166667,79.95,"jabalpur.IND"
"jaipur","IND",24.9,93.066667,"jaipur.IND"
"jajpur","IND",20.85,86.333333,"jajpur.IND"
"jalandhar","IND",31.325556,75.579167,"jalandhar.IND"
"jamshedpur","IND",22.8,86.183333,"jamshedpur.IND"
"jodhpur","IND",21.883333,70.033333,"jodhpur.IND"
"kadi","IND",23.3,72.333333,"kadi.IND"
"kankinara","IND",22.862778,88.398056,"kankinara.IND"
"kannur","IND",11.866667,75.365278,"kannur.IND"
"kanpur","IND",32.433333,75.366667,"kanpur.IND"
"karur","IND",15.016667,77.383333,"karur.IND"
"karwar","IND",14.813611,74.129722,"karwar.IND"
"kasaragod","IND",12.5,75,"kasaragod.IND"
"kharagpur","IND",22.333333,87.333333,"kharagpur.IND"
"kochi","IND",9.966667,76.233333,"kochi.IND"
"kolkata","IND",22.569722,88.369722,"kolkata.IND"
"ponneri","IND",13.316667,80.2,"ponneri.IND"
"pune","IND",18.533333,73.866667,"pune.IND"
"ranchi","IND",23.35,85.333333,"ranchi.IND"
"rewari","IND",28.183333,76.616667,"rewari.IND"
"rohtak","IND",28.9,76.566667,"rohtak.IND"
"roorkee","IND",29.866667,77.883333,"roorkee.IND"
"salem","IND",11.65,78.166667,"salem.IND"
"sattur","IND",15.416667,75.066667,"sattur.IND"
"shillong","IND",25.575556,91.873056,"shillong.IND"
"shimla","IND",31.103333,77.172222,"shimla.IND"
"mumbai","IND",18.975,72.825833,"mumbai.IND"
"mysore","IND",12.307222,76.649722,"mysore.IND"
"nagar","IND",31.226389,77.055278,"nagar.IND"
"nagpur","IND",17.8625,78.886111,"nagpur.IND"
"kalyan","IND",19.25,73.15,"kalyan.IND"
"kanchipuram","IND",12.833333,79.716667,"kanchipuram.IND"
"nellore","IND",14.433333,79.966667,"nellore.IND"
"new delhi","IND",28.6,77.2,"new delhi.IND"
"ongole","IND",15.5,80.05,"ongole.IND"
"palakkad","IND",10.7725,76.651389,"palakkad.IND"
"panaji","IND",15.483333,73.833333,"panaji.IND"
"pathankot","IND",32.283333,75.65,"pathankot.IND"
"patna","IND",12.766667,74.866667,"patna.IND"
"phagwara","IND",31.217778,75.769444,"phagwara.IND"
"pilani","IND",28.3684,75.6041,"pilani.IND"
"tenali","IND",16.25,80.583333,"tenali.IND"
"tezpur","IND",26.633333,92.8,"tezpur.IND"
"thalassery","IND",11.747778,75.488333,"thalassery.IND"
"thane","IND",19.2,72.966667,"thane.IND"
"thanjavur","IND",10.8,79.15,"thanjavur.IND"
"thrissur","IND",10.516667,76.216667,"thrissur.IND"
"tirunelveli","IND",8.733333,77.7,"tirunelveli.IND"
"tirupati","IND",13.65,79.416667,"tirupati.IND"
"tiruppur","IND",11.1,77.35,"tiruppur.IND"
"tirupur","IND",11.1,77.35,"tirupur.IND"
"tondiarpet","IND",13.129722,80.289722,"tondiarpet.IND"
"trivandrum","IND",8.506944,76.956944,"trivandrum.IND"
"shyamnagar","IND",22.833333,88.366667,"shyamnagar.IND"
"sibsagar","IND",26.983333,94.633333,"sibsagar.IND"
"silchar","IND",24.816667,92.8,"silchar.IND"
"siliguri","IND",26.716111,88.423611,"siliguri.IND"
"solan","IND",30.916667,77.116667,"solan.IND"
"srinagar","IND",30.0791,76.7162,"srinagar.IND"
"surat","IND",20.966667,72.9,"surat.IND"
"nasik","IND",19.983333,73.8,"nasik.IND"
"tuticorin","IND",8.783333,78.133333,"tuticorin.IND"
"udaipur","IND",30.2343,76.6259,"udaipur.IND"
"ujjain","IND",23.183333,75.766667,"ujjain.IND"
"unnao","IND",26.533333,80.5,"unnao.IND"
"uttarpara","IND",22.668333,88.345833,"uttarpara.IND"
"vadodara","IND",22.3,73.2,"vadodara.IND"
"vellore","IND",12.933333,79.133333,"vellore.IND"
"visakhapatnam","IND",17.7,83.3,"visakhapatnam.IND"
"warangal","IND",18,79.583333,"warangal.IND"
"vijayawada","IND",16.516667,80.616667,"vijayawada.IND"
"verona","ITA",45.45,11,"verona.ITA"
"villasanta","ITA",45.616667,9.3,"villasanta.ITA"
"sanluri","ITA",39.561111,8.899444,"sanluri.ITA"
"san pietro a maida","ITA",38.833333,16.333333,"san pietro a maida.ITA"
"san valentino torio","ITA",40.8,14.6,"san valentino torio.ITA"
"sassari","ITA",40.727222,8.560278,"sassari.ITA"
"sestri levante","ITA",44.266667,9.4,"sestri levante.ITA"
"spoltore","ITA",42.45,14.133333,"spoltore.ITA"
"terni","ITA",42.566667,12.616667,"terni.ITA"
"tortona","ITA",44.9,8.866667,"tortona.ITA"
"acerra","ITA",40.95,14.366667,"acerra.ITA"
"aci catena","ITA",37.6,15.133333,"aci catena.ITA"
"acquasparta","ITA",42.683333,12.55,"acquasparta.ITA"
"afragola","ITA",40.916667,14.3,"afragola.ITA"
"agrigento","ITA",37.316667,13.566667,"agrigento.ITA"
"alghero","ITA",40.558889,8.318056,"alghero.ITA"
"angri","ITA",40.733333,14.566667,"angri.ITA"
"avezzano","ITA",42.033333,13.416667,"avezzano.ITA"
"bagheria","ITA",38.083333,13.5,"bagheria.ITA"
"bari","ITA",41.133333,16.85,"bari.ITA"
"barzana","ITA",45.733333,9.566667,"barzana.ITA"
"battipaglia","ITA",40.616667,14.966667,"battipaglia.ITA"
"bergamo","ITA",45.683333,9.716667,"bergamo.ITA"
"biancavilla","ITA",37.633333,14.866667,"biancavilla.ITA"
"bisceglie","ITA",41.233333,16.5,"bisceglie.ITA"
"bologna","ITA",44.483333,11.333333,"bologna.ITA"
"boscoreale","ITA",40.783333,14.466667,"boscoreale.ITA"
"bozen","ITA",46.516667,11.366667,"bozen.ITA"
"brescia","ITA",45.55,10.25,"brescia.ITA"
"cagliari","ITA",39.216667,9.116667,"cagliari.ITA"
"treviso","ITA",45.666667,12.245,"treviso.ITA"
"trieste","ITA",45.648611,13.78,"trieste.ITA"
"turin","ITA",45.05,7.666667,"turin.ITA"
"udine","ITA",46.061944,13.242222,"udine.ITA"
"castellanza","ITA",45.616667,8.9,"castellanza.ITA"
"catania","ITA",37.5,15.1,"catania.ITA"
"cittadella","ITA",45.083333,10.083333,"cittadella.ITA"
"como","ITA",45.783333,9.083333,"como.ITA"
"cuneo","ITA",44.383333,7.533333,"cuneo.ITA"
"ferrara","ITA",44.833333,11.583333,"ferrara.ITA"
"filottrano","ITA",43.433333,13.35,"filottrano.ITA"
"florence","ITA",43.766667,11.25,"florence.ITA"
"foggia","ITA",41.45,15.566667,"foggia.ITA"
"genova","ITA",44.416667,8.95,"genova.ITA"
"giulianova","ITA",42.75,13.95,"giulianova.ITA"
"limbiate","ITA",45.6,9.116667,"limbiate.ITA"
"lissone","ITA",45.616667,9.233333,"lissone.ITA"
"lucca","ITA",37.583333,13.3,"lucca.ITA"
"maddaloni","ITA",41.033333,14.383333,"maddaloni.ITA"
"melissano","ITA",39.966667,18.116667,"melissano.ITA"
"milan","ITA",45.466667,9.2,"milan.ITA"
"milano","ITA",45.466667,9.2,"milano.ITA"
"modena","ITA",44.666667,10.916667,"modena.ITA"
"molfetta","ITA",41.2,16.6,"molfetta.ITA"
"monfalcone","ITA",45.807222,13.534167,"monfalcone.ITA"
"monopoli","ITA",40.95,17.3,"monopoli.ITA"
"naples","ITA",40.833333,14.25,"naples.ITA"
"nocera superiore","ITA",40.733333,14.666667,"nocera superiore.ITA"
"osimo","ITA",43.483333,13.483333,"osimo.ITA"
"osmate","ITA",45.783333,8.65,"osmate.ITA"
"padua","ITA",45.416667,11.883333,"padua.ITA"
"campo san martino","ITA",45.533333,11.8,"campo san martino.ITA"
"pavia","ITA",45.166667,9.166667,"pavia.ITA"
"perugia","ITA",43.133333,12.366667,"perugia.ITA"
"pesaro","ITA",43.9,12.916667,"pesaro.ITA"
"piombino","ITA",42.916667,10.533333,"piombino.ITA"
"pisa","ITA",43.716667,10.383333,"pisa.ITA"
"pordenone","ITA",45.963889,12.6575,"pordenone.ITA"
"pozzuoli","ITA",40.816667,14.116667,"pozzuoli.ITA"
"prato","ITA",44.516667,11.533333,"prato.ITA"
"quinto di treviso","ITA",45.648056,12.166667,"quinto di treviso.ITA"
"reggio calabria","ITA",38.1,15.65,"reggio calabria.ITA"
"rimini","ITA",44.063333,12.580833,"rimini.ITA"
"rome","ITA",41.9,12.483333,"rome.ITA"
"rosignano marittimo","ITA",43.4,10.466667,"rosignano marittimo.ITA"
"rozzano","ITA",45.366667,9.15,"rozzano.ITA"
"salizzole","ITA",45.233333,11.066667,"salizzole.ITA"
"san benedetto del tronto","ITA",42.95,13.883333,"san benedetto del tronto.ITA"
"palermo","ITA",38.116667,13.366667,"palermo.ITA"
"parma","ITA",44.8,10.333333,"parma.ITA"
"partinico","ITA",38.05,13.116667,"partinico.ITA"
"pasian di prato","ITA",46.048611,13.1875,"pasian di prato.ITA"
"portmore","JAM",17.9666667,-76.8666667,"portmore.JAM"
"kingston","JAM",18,-76.8,"kingston.JAM"
"amman","JOR",31.95,35.933333,"amman.JOR"
"koshigaya","JPN",35.883333,139.783333,"koshigaya.JPN"
"tokyo","JPN",35.685,139.751389,"tokyo.JPN"
"nairobi","KEN",-1.2833333,36.8166667,"nairobi.KEN"
"bishkek","KGZ",42.8730556,74.6002778,"bishkek.KGZ"
"phnom penh","KHM",11.55,104.9166667,"phnom penh.KHM"
"goseong","KOR",34.97631,128.323613,"goseong.KOR"
"kuwait","KWT",29.369722,47.978333,"kuwait.KWT"
"almaty","KAZ",43.25,76.95,"almaty.KAZ"
"astana","KAZ",51.181111,71.427778,"astana.KAZ"
"petropavlovsk","KAZ",54.875278,69.162778,"petropavlovsk.KAZ"
"ridder","KAZ",50.355,83.513333,"ridder.KAZ"
"shymkent","KAZ",42.3,69.6,"shymkent.KAZ"
"castries","LCA",14,-61,"castries.LCA"
"colombo","LKA",6.9319444,79.8477778,"colombo.LKA"
"kandy","LKA",7.2963889,80.635,"kandy.LKA"
"kaunas","LTU",54.9,23.9,"kaunas.LTU"
"klaipeda","LTU",55.7172222,21.1175,"klaipeda.LTU"
"vilnius","LTU",54.6833333,25.3166667,"vilnius.LTU"
"kuldiga","LVA",56.9666667,21.9833333,"kuldiga.LVA"
"liepaja","LVA",56.5166667,21.0166667,"liepaja.LVA"
"bauska","LVA",56.4075,24.1905556,"bauska.LVA"
"rezekne","LVA",56.5,27.3166667,"rezekne.LVA"
"riga","LVA",56.95,24.1,"riga.LVA"
"rabat","MAR",34.013784,-6.844268,"rabat.MAR"
"safi","MAR",32.299392,-9.237181,"safi.MAR"
"sidi kacem","MAR",34.221493,-5.707749,"sidi kacem.MAR"
"agadir","MAR",30.95629,-8.708057,"agadir.MAR"
"berkane","MAR",34.92,-2.32,"berkane.MAR"
"berrechid","MAR",33.265527,-7.587537,"berrechid.MAR"
"casablanca","MAR",33.592779,-7.619157,"casablanca.MAR"
"kenitra","MAR",34.261008,-6.580203,"kenitra.MAR"
"khouribga","MAR",32.881083,-6.906303,"khouribga.MAR"
"marrakech","MAR",31.631485,-8.008281,"marrakech.MAR"
"nador","MAR",33.621885,-3.734179,"nador.MAR"
"oujda","MAR",34.680525,-1.907639,"oujda.MAR"
"tanger","MAR",35.780576,-5.813646,"tanger.MAR"
"hincesti","MDA",47.548056,27.505,"hincesti.MDA"
"orhei","MDA",47.383056,28.823056,"orhei.MDA"
"drochia","MDA",48.035,27.816111,"drochia.MDA"
"suruceni","MDA",46.9825,28.668611,"suruceni.MDA"
"tiraspol","MDA",46.840278,29.643333,"tiraspol.MDA"
"ungheni","MDA",47.204167,27.795833,"ungheni.MDA"
"balti","MDA",47.761667,27.928889,"balti.MDA"
"bendery","MDA",46.830556,29.471111,"bendery.MDA"
"chisinau","MDA",47.005556,28.8575,"chisinau.MDA"
"podgorica","MNE",42.441111,19.263611,"podgorica.MNE"
"budva","MNE",42.286389,18.84,"budva.MNE"
"tivat","MNE",42.436389,18.696111,"tivat.MNE"
"antananarivo","MDG",-13.3666667,49.7166667,"antananarivo.MDG"
"toliara","MDG",-23.35,43.6666667,"toliara.MDG"
"bogdanci","MKD",41.2030556,22.5755556,"bogdanci.MKD"
"skopje","MKD",42,21.4333333,"skopje.MKD"
"star dojran","MKD",41.1875,22.7208333,"star dojran.MKD"
"struga","MKD",41.1780556,20.6761111,"struga.MKD"
"sveti nikole","MKD",41.865,21.9427778,"sveti nikole.MKD"
"valandovo","MKD",41.3169444,22.5611111,"valandovo.MKD"
"veles","MKD",41.7155556,21.7755556,"veles.MKD"
"bitola","MKD",41.0311111,21.3402778,"bitola.MKD"
"gevgelija","MKD",41.1391667,22.5025,"gevgelija.MKD"
"agino selo","MKD",42.0463889,21.6811111,"agino selo.MKD"
"gostivar","MKD",41.7972222,20.9083333,"gostivar.MKD"
"prilep","MKD",41.3463889,21.5544444,"prilep.MKD"
"kicevo","MKD",41.5144444,20.9633333,"kicevo.MKD"
"kriva palanka","MKD",42.2019444,22.3319444,"kriva palanka.MKD"
"kumanovo","MKD",42.1322222,21.7144444,"kumanovo.MKD"
"ohrid","MKD",41.1172222,20.8019444,"ohrid.MKD"
"ulaanbaatar","MNG",47.9166667,106.9166667,"ulaanbaatar.MNG"
"nouakchott","MRT",18.0863889,-15.9752778,"nouakchott.MRT"
"port louis","MUS",-20.1619444,57.4988889,"port louis.MUS"
"male","MDV",4.1666667,73.5,"male.MDV"
"guadalajara","MEX",32.544167,-114.864722,"guadalajara.MEX"
"apodaca","MEX",25.766667,-100.2,"apodaca.MEX"
"acayucan","MEX",17.95,-94.916667,"acayucan.MEX"
"celaya","MEX",16.916667,-93.116667,"celaya.MEX"
"chalco","MEX",19.266667,-98.9,"chalco.MEX"
"chihuahua","MEX",32.484444,-115.238889,"chihuahua.MEX"
"colima","MEX",32.486944,-115.004167,"colima.MEX"
"cuernavaca","MEX",32.558056,-115.304722,"cuernavaca.MEX"
"delicias","MEX",30.65,-114.733333,"delicias.MEX"
"el mante","MEX",22.733333,-98.966667,"el mante.MEX"
"saltillo","MEX",21.9375,-102.733333,"saltillo.MEX"
"los mochis","MEX",25.766667,-108.966667,"los mochis.MEX"
"mariano escobedo","MEX",19.9,-102.766667,"mariano escobedo.MEX"
"mexico","MEX",32.513889,-114.976111,"mexico.MEX"
"monterrey","MEX",32.548056,-115.070556,"monterrey.MEX"
"morelia","MEX",30.816667,-115.166667,"morelia.MEX"
"oaxaca","MEX",32.349444,-115.181111,"oaxaca.MEX"
"pachuca","MEX",20.116667,-98.733333,"pachuca.MEX"
"poza rica de hidalgo","MEX",20.55,-97.45,"poza rica de hidalgo.MEX"
"puebla","MEX",32.564444,-115.353333,"puebla.MEX"
"tepic","MEX",32.578611,-114.840278,"tepic.MEX"
"tijuana","MEX",32.533333,-117.016667,"tijuana.MEX"
"tlaxcala","MEX",32.443889,-115.112778,"tlaxcala.MEX"
"toluca","MEX",32.429722,-115.081111,"toluca.MEX"
"veracruz","MEX",15.3,-92.5,"veracruz.MEX"
"villa de las flores","MEX",19.646944,-99.096111,"villa de las flores.MEX"
"villahermosa","MEX",32.638611,-114.969722,"villahermosa.MEX"
"guanajuato","MEX",32.515833,-115.337778,"guanajuato.MEX"
"guaymas","MEX",23.65,-106.116667,"guaymas.MEX"
"irapuato","MEX",32.598056,-115.127222,"irapuato.MEX"
"tapachula","MEX",14.9,-92.283333,"tapachula.MEX"
"xalapa","MEX",19.533333,-96.916667,"xalapa.MEX"
"zapopan","MEX",20.716667,-103.4,"zapopan.MEX"
"bintulu","MYS",3.166667,113.033333,"bintulu.MYS"
"cheras","MYS",3.05,101.766667,"cheras.MYS"
"ipoh","MYS",4.5841,101.0829,"ipoh.MYS"
"johor bahru","MYS",1.4655,103.7578,"johor bahru.MYS"
"kajang","MYS",2.9927,101.7909,"kajang.MYS"
"bandar","MYS",2.866667,101.433333,"bandar.MYS"
"batu pahat","MYS",1.8548,102.9325,"batu pahat.MYS"
"bayan lepas","MYS",5.299915,100.260519,"bayan lepas.MYS"
"seremban","MYS",2.7297,101.9381,"seremban.MYS"
"shah alam","MYS",3.083333,101.533333,"shah alam.MYS"
"sibu","MYS",2.3,111.816667,"sibu.MYS"
"skudai","MYS",1.533333,103.666667,"skudai.MYS"
"sungai petani","MYS",5.646997,100.487724,"sungai petani.MYS"
"taiping","MYS",4.85,100.733333,"taiping.MYS"
"klang","MYS",3.033333,101.45,"klang.MYS"
"kota kinabalu","MYS",5.9749,116.0724,"kota kinabalu.MYS"
"kuala krai","MYS",5.531303,102.199249,"kuala krai.MYS"
"kuala lumpur","MYS",3.166667,101.7,"kuala lumpur.MYS"
"kuala terengganu","MYS",5.3302,103.1408,"kuala terengganu.MYS"
"kuantan","MYS",3.8077,103.326,"kuantan.MYS"
"kuching","MYS",5.966667,100.55,"kuching.MYS"
"melaka","MYS",2.196,102.2405,"melaka.MYS"
"muar","MYS",2.0442,102.5689,"muar.MYS"
"perai","MYS",5.381365,100.389691,"perai.MYS"
"petaling jaya","MYS",3.083333,101.65,"petaling jaya.MYS"
"penang","MYS",5.411229,100.335426,"penang.MYS"
"maputo","MOZ",-25.9652778,32.5891667,"maputo.MOZ"
"abuja","NGA",9.083333,7.533333,"abuja.NGA"
"lagos","NGA",6.453056,3.395833,"lagos.NGA"
"chinandega","NIC",12.6166667,-87.15,"chinandega.NIC"
"managua","NIC",12.1508333,-86.2683333,"managua.NIC"
"san marcos","NIC",11.9166667,-86.2,"san marcos.NIC"
"amsterdam","NLD",52.35,4.916667,"amsterdam.NLD"
"delft","NLD",52.018601,4.378153,"delft.NLD"
"roelofarendsveen","NLD",52.200025,4.631574,"roelofarendsveen.NLD"
"rotterdam","NLD",51.916667,4.5,"rotterdam.NLD"
"steenwijk","NLD",52.78565,6.137477,"steenwijk.NLD"
"vlaardingen","NLD",51.921038,4.321877,"vlaardingen.NLD"
"zaandam","NLD",52.439266,4.810557,"zaandam.NLD"
"zuidhorn","NLD",52.929129,6.225017,"zuidhorn.NLD"
"groningen","NLD",53.216667,6.55,"groningen.NLD"
"maastricht","NLD",50.85,5.683333,"maastricht.NLD"
"nieuwegein","NLD",52.014842,5.100406,"nieuwegein.NLD"
"oslo","NOR",59.916667,10.75,"oslo.NOR"
"stavanger","NOR",58.966667,5.75,"stavanger.NOR"
"balaju","NPL",27.7333333,85.3,"balaju.NPL"
"kathmandu","NPL",27.7166667,85.3166667,"kathmandu.NPL"
"palmerston north","NZL",-40.35,175.616667,"palmerston north.NZL"
"panama","PAN",8.9666667,-79.5333333,"panama.PAN"
"el agustino","PER",-12.0666667,-77.0166667,"el agustino.PER"
"lima","PER",-15.3813889,-71.4741667,"lima.PER"
"cagayan de oro city","PHL",8.481111,124.643056,"cagayan de oro city.PHL"
"cainta","PHL",14.5786,121.1222,"cainta.PHL"
"calamba","PHL",9.103611,125.594167,"calamba.PHL"
"cavite","PHL",11.134444,124.956667,"cavite.PHL"
"cebu","PHL",10.311111,123.891667,"cebu.PHL"
"cebu city","PHL",10.311111,123.891667,"cebu city.PHL"
"cembo","PHL",14.5646,121.0488,"cembo.PHL"
"burol","PHL",14.833333,120.9025,"burol.PHL"
"mariveles","PHL",14.4361,120.4857,"mariveles.PHL"
"morong","PHL",14.678889,120.266111,"morong.PHL"
"muntinlupa","PHL",14.413494,121.026322,"muntinlupa.PHL"
"pasig","PHL",14.1008,122.956,"pasig.PHL"
"polomolok","PHL",6.221666,125.063982,"polomolok.PHL"
"quezon city","PHL",14.6488,121.0509,"quezon city.PHL"
"quezon","PHL",10.5684,122.0205,"quezon.PHL"
"san andres","PHL",13.2614,123.7795,"san andres.PHL"
"san fernando","PHL",13.2726,123.7591,"san fernando.PHL"
"san juan","PHL",17.3955,120.6038,"san juan.PHL"
"san pablo city","PHL",14.0683,121.3256,"san pablo city.PHL"
"san pedro","PHL",17.383333,120.683333,"san pedro.PHL"
"santa rosa","PHL",17.51,120.6939,"santa rosa.PHL"
"santolan","PHL",14.6891,120.9561,"santolan.PHL"
"silang","PHL",14.215669,120.971374,"silang.PHL"
"talisay","PHL",13.159722,123.415556,"talisay.PHL"
"dagupan city","PHL",16.0435,120.3397,"dagupan city.PHL"
"escalante","PHL",10.714348,123.516202,"escalante.PHL"
"guiguinto","PHL",14.833333,120.883333,"guiguinto.PHL"
"hamtic","PHL",10.7023,121.9824,"hamtic.PHL"
"iligan city","PHL",8.230833,124.236111,"iligan city.PHL"
"la trinidad","PHL",8.946111,125.523611,"la trinidad.PHL"
"lipa city","PHL",13.9411,121.1631,"lipa city.PHL"
"lucena city","PHL",13.9348,121.6127,"lucena city.PHL"
"mabalacat","PHL",15.2216,120.5736,"mabalacat.PHL"
"makati","PHL",13.0012,120.796,"makati.PHL"
"mandaluyong city","PHL",14.5832,121.0409,"mandaluyong city.PHL"
"mandaue city","PHL",10.323611,123.922222,"mandaue city.PHL"
"mangaldan","PHL",16.07,120.4025,"mangaldan.PHL"
"manila","PHL",13.233333,123.95,"manila.PHL"
"addition hills","PHL",14.5816,121.0384,"addition hills.PHL"
"alapan i","PHL",14.410597,120.921707,"alapan i.PHL"
"alingaro","PHL",14.241944,120.888056,"alingaro.PHL"
"angono","PHL",14.5266,121.1536,"angono.PHL"
"bacoor","PHL",14.459027,120.929034,"bacoor.PHL"
"bagong kalsada","PHL",14.172932,121.195349,"bagong kalsada.PHL"
"bagong nayon","PHL",14.6254,121.1682,"bagong nayon.PHL"
"baguio city","PHL",16.416389,120.593056,"baguio city.PHL"
"taytay","PHL",9.629765,124.046999,"taytay.PHL"
"bahawalpur","PAK",29.4,71.683333,"bahawalpur.PAK"
"karachi","PAK",24.9056,67.0822,"karachi.PAK"
"lahore","PAK",30.399965,68.761791,"lahore.PAK"
"mardan","PAK",34.201946,72.052539,"mardan.PAK"
"multan","PAK",32.750484,70.834467,"multan.PAK"
"peshawar","PAK",34.008,71.578488,"peshawar.PAK"
"quetta","PAK",30.199004,67.009708,"quetta.PAK"
"rawalpindi","PAK",33.6007,73.0679,"rawalpindi.PAK"
"sargodha","PAK",32.083611,72.671111,"sargodha.PAK"
"sialkot","PAK",34.826815,71.97267,"sialkot.PAK"
"topi","PAK",34.070408,72.623577,"topi.PAK"
"gujranwala","PAK",32.161667,74.188309,"gujranwala.PAK"
"gulberg","PAK",31.5317,74.3495,"gulberg.PAK"
"hyderabad","PAK",30.478646,72.23828,"hyderabad.PAK"
"islamabad","PAK",33.69,73.0551,"islamabad.PAK"
"faisalabad","PAK",34.330016,72.284852,"faisalabad.PAK"
"jaroslaw","POL",51.070046,16.527036,"jaroslaw.POL"
"jelenia gora","POL",50.89828,15.729929,"jelenia gora.POL"
"katowice","POL",50.258415,19.027545,"katowice.POL"
"kcynia","POL",52.991518,17.487056,"kcynia.POL"
"klopotowo","POL",52.623642,14.888315,"klopotowo.POL"
"konczyce male","POL",49.848711,18.639976,"konczyce male.POL"
"koscian","POL",52.088293,16.648657,"koscian.POL"
"koszalin","POL",54.193589,16.184916,"koszalin.POL"
"krakow","POL",51.730311,18.508464,"krakow.POL"
"bialogard","POL",54.00937,15.986562,"bialogard.POL"
"bialystok","POL",53.133333,23.15,"bialystok.POL"
"chelm","POL",51.135831,23.482511,"chelm.POL"
"czeladz","POL",50.315417,19.078245,"czeladz.POL"
"czestochowa","POL",50.796455,19.124088,"czestochowa.POL"
"debica","POL",51.648163,22.570616,"debica.POL"
"dzierzoniow","POL",50.732045,16.648718,"dzierzoniow.POL"
"elblag","POL",54.1522,19.408841,"elblag.POL"
"elk","POL",53.826478,22.365416,"elk.POL"
"gdansk","POL",54.36085,18.658291,"gdansk.POL"
"gdynia","POL",54.5,18.55,"gdynia.POL"
"gliwice","POL",50.297612,18.676583,"gliwice.POL"
"gorzow","POL",50.07831,19.225321,"gorzow.POL"
"tychy","POL",50.137167,18.96641,"tychy.POL"
"warsaw","POL",52.25,21,"warsaw.POL"
"widnica","POL",50.398345,20.031471,"widnica.POL"
"wieliczka","POL",49.984057,20.062219,"wieliczka.POL"
"wroclaw","POL",51.1,17.033333,"wroclaw.POL"
"zabrze","POL",50.306355,18.783333,"zabrze.POL"
"zduny","POL",53.124396,19.5594,"zduny.POL"
"zielona gora","POL",51.711589,19.672596,"zielona gora.POL"
"lublin","POL",51.25,22.566667,"lublin.POL"
"lutomiersk","POL",51.754121,19.208159,"lutomiersk.POL"
"miejsce piastowe","POL",49.634666,21.786865,"miejsce piastowe.POL"
"mielec","POL",50.286188,21.432657,"mielec.POL"
"nowy dwor mazowiecki","POL",52.430356,20.715855,"nowy dwor mazowiecki.POL"
"odolanow","POL",51.576661,17.670614,"odolanow.POL"
"olsztyn","POL",50.751848,19.267371,"olsztyn.POL"
"orzesze","POL",50.155949,18.779235,"orzesze.POL"
"pieczkowo","POL",52.118666,17.448572,"pieczkowo.POL"
"podolsze","POL",50.009656,19.43158,"podolsze.POL"
"polska","POL",52.593111,19.089379,"polska.POL"
"poznan","POL",51.677088,22.303075,"poznan.POL"
"pulawy","POL",51.416667,21.966667,"pulawy.POL"
"skarzysko-kamienna","POL",51.117238,20.895717,"skarzysko-kamienna.POL"
"suwalki","POL",54.099444,22.933056,"suwalki.POL"
"szczecin","POL",51.91848,19.711486,"szczecin.POL"
"tarnow","POL",50.579715,16.787877,"tarnow.POL"
"torun","POL",53.035831,18.604844,"torun.POL"
"gaza","PSE",31.5,34.466667,"gaza.PSE"
"ramallah","PSE",31.9,35.2,"ramallah.PSE"
"coimbra","PRT",40.205642,-8.419551,"coimbra.PRT"
"braga","PRT",41.550323,-8.420052,"braga.PRT"
"carcavelos","PRT",40.85603,-8.488355,"carcavelos.PRT"
"carregado","PRT",39.023619,-8.976916,"carregado.PRT"
"lisbon","PRT",38.716667,-9.133333,"lisbon.PRT"
"mafra","PRT",38.937933,-9.327565,"mafra.PRT"
"maia","PRT",41.235739,-8.619897,"maia.PRT"
"marinha grande","PRT",39.747691,-8.932284,"marinha grande.PRT"
"miranda do corvo","PRT",40.09318,-8.332608,"miranda do corvo.PRT"
"esmoriz","PRT",40.959231,-8.626488,"esmoriz.PRT"
"faro","PRT",37.019367,-7.932229,"faro.PRT"
"feira","PRT",40.925348,-8.542769,"feira.PRT"
"fontanelas","PRT",38.848065,-9.439419,"fontanelas.PRT"
"abrantes","PRT",39.466667,-8.2,"abrantes.PRT"
"almada","PRT",38.930573,-9.344798,"almada.PRT"
"amadora","PRT",38.13666,-7.308255,"amadora.PRT"
"amora","PRT",38.629613,-9.115569,"amora.PRT"
"santo tirso","PRT",41.488262,-8.304796,"santo tirso.PRT"
"vila do conde","PRT",41.354811,-8.743397,"vila do conde.PRT"
"vila nova de gaia","PRT",41.133633,-8.617421,"vila nova de gaia.PRT"
"vila real","PRT",41.30062,-7.744129,"vila real.PRT"
"ovar","PRT",40.861753,-8.626014,"ovar.PRT"
"porto","PRT",39.871429,-7.993068,"porto.PRT"
"queluz","PRT",38.756572,-9.254512,"queluz.PRT"
"san lorenzo","PRY",-25.333333,-57.533333,"san lorenzo.PRY"
"doha","QAT",25.286667,51.533333,"doha.QAT"
"brasov","ROU",45.633333,25.583333,"brasov.ROU"
"braila","ROU",45.266667,27.983333,"braila.ROU"
"bucharest","ROU",44.433333,26.1,"bucharest.ROU"
"buzau","ROU",45.15,26.833333,"buzau.ROU"
"caracal","ROU",45.016667,24.883333,"caracal.ROU"
"constanta","ROU",44.183333,28.65,"constanta.ROU"
"craiova","ROU",46.583333,21.966667,"craiova.ROU"
"curtisoara","ROU",44.5,23.933333,"curtisoara.ROU"
"deva","ROU",45.883333,22.9,"deva.ROU"
"cluj-napoca","ROU",46.766667,23.6,"cluj-napoca.ROU"
"afumati","ROU",44.766667,24.466667,"afumati.ROU"
"alba iulia","ROU",46.066667,23.583333,"alba iulia.ROU"
"baia mare","ROU",47.666667,23.583333,"baia mare.ROU"
"iasi","ROU",45.766667,24.933333,"iasi.ROU"
"mangalia","ROU",43.8,28.583333,"mangalia.ROU"
"nehoiu","ROU",45.416667,26.3,"nehoiu.ROU"
"oradea","ROU",47.066667,21.933333,"oradea.ROU"
"otopeni","ROU",44.55,26.066667,"otopeni.ROU"
"floresti","ROU",46.333333,23.5,"floresti.ROU"
"focsani","ROU",45.7,27.183333,"focsani.ROU"
"gaesti","ROU",44.716667,25.316667,"gaesti.ROU"
"galati","ROU",46.083333,23.3,"galati.ROU"
"satu mare","ROU",46.333333,25.366667,"satu mare.ROU"
"sebes","ROU",45.966667,23.566667,"sebes.ROU"
"seusa","ROU",46.05,23.633333,"seusa.ROU"
"sighisoara","ROU",46.216667,24.8,"sighisoara.ROU"
"slatina","ROU",44.923889,21.691944,"slatina.ROU"
"suceava","ROU",47.633333,26.25,"suceava.ROU"
"targu-mures","ROU",46.55,24.566667,"targu-mures.ROU"
"targu-neamt","ROU",47.2,26.366667,"targu-neamt.ROU"
"tulcea","ROU",45.166667,28.8,"tulcea.ROU"
"turda","ROU",46.566667,23.783333,"turda.ROU"
"turnu","ROU",46.25,21.133333,"turnu.ROU"
"vulcan","ROU",46.15,23.883333,"vulcan.ROU"
"petrosani","ROU",45.416667,23.366667,"petrosani.ROU"
"pitesti","ROU",44.85,24.866667,"pitesti.ROU"
"ploiesti","ROU",44.95,26.016667,"ploiesti.ROU"
"zalau","ROU",47.2,23.05,"zalau.ROU"
"futog","SRB",45.241111,19.71,"futog.SRB"
"indjija","SRB",45.049167,20.079167,"indjija.SRB"
"jagodina","SRB",43.981389,21.262222,"jagodina.SRB"
"kikinda","SRB",45.829722,20.465278,"kikinda.SRB"
"krusevac","SRB",42.577222,20.352778,"krusevac.SRB"
"lazarevac","SRB",43.245,21.359722,"lazarevac.SRB"
"majur","SRB",44.769722,19.654444,"majur.SRB"
"nish","SRB",43.324722,21.903333,"nish.SRB"
"nis","SRB",43.324722,21.903333,"nis.SRB"
"novi sad","SRB",45.251667,19.836944,"novi sad.SRB"
"pancevo","SRB",43.711111,20.737778,"pancevo.SRB"
"paracin","SRB",43.860833,21.407778,"paracin.SRB"
"kragujevac","SRB",44.016667,20.916667,"kragujevac.SRB"
"kraljevo","SRB",43.573889,21.696944,"kraljevo.SRB"
"backa palanka","SRB",45.250833,19.391944,"backa palanka.SRB"
"backa topola","SRB",45.815,19.636111,"backa topola.SRB"
"backi petrovac","SRB",45.360556,19.591667,"backi petrovac.SRB"
"becej","SRB",45.618889,20.036111,"becej.SRB"
"belgrade","SRB",44.818611,20.468056,"belgrade.SRB"
"beograd","SRB",44.818611,20.468056,"beograd.SRB"
"cacak","SRB",43.891389,20.349722,"cacak.SRB"
"cuprija","SRB",43.9275,21.37,"cuprija.SRB"
"dolovo","SRB",42.565556,20.561111,"dolovo.SRB"
"valjevo","SRB",44.270833,19.884167,"valjevo.SRB"
"vrbas","SRB",45.571389,19.640833,"vrbas.SRB"
"zajecar","SRB",43.904167,22.284722,"zajecar.SRB"
"zemun","SRB",44.843056,20.401111,"zemun.SRB"
"zrenjanin","SRB",45.383611,20.381944,"zrenjanin.SRB"
"senta","SRB",45.9275,20.077222,"senta.SRB"
"sremska mitrovica","SRB",44.976389,19.612222,"sremska mitrovica.SRB"
"subotica","SRB",46.1,19.666667,"subotica.SRB"
"plandiste","SRB",45.227222,21.121667,"plandiste.SRB"
"pozarevac","SRB",44.615278,21.1825,"pozarevac.SRB"
"raska","SRB",43.287222,20.615278,"raska.SRB"
"ruma","SRB",45.008056,19.822222,"ruma.SRB"
"savski venac","SRB",44.779167,20.453889,"savski venac.SRB"
"bryansk","RUS",53.252089,34.371666,"bryansk.RUS"
"dmitrov","RUS",56.35,37.516667,"dmitrov.RUS"
"dubna","RUS",53.790236,35.467059,"dubna.RUS"
"irkutsk","RUS",52.297778,104.296389,"irkutsk.RUS"
"ishim","RUS",56.5102,86.2102,"ishim.RUS"
"ivanovo","RUS",60.757746,38.7218,"ivanovo.RUS"
"izhevsk","RUS",56.849756,53.204479,"izhevsk.RUS"
"chebarkul","RUS",55.212,58.4275,"chebarkul.RUS"
"chelny","RUS",48.883333,136.033333,"chelny.RUS"
"chelyabinsk","RUS",55.154444,61.429722,"chelyabinsk.RUS"
"khabarovsk","RUS",48.480833,135.092778,"khabarovsk.RUS"
"khotkovo","RUS",53.763486,35.226336,"khotkovo.RUS"
"kirov","RUS",45.088889,40.269722,"kirov.RUS"
"klintsy","RUS",52.760186,32.239345,"klintsy.RUS"
"konakovo","RUS",55.4225,37.167778,"konakovo.RUS"
"kostroma","RUS",52.466667,86.533333,"kostroma.RUS"
"krasnodar","RUS",45.0488,38.9725,"krasnodar.RUS"
"krasnogorsk","RUS",53.099169,56.002891,"krasnogorsk.RUS"
"krasnoyarsk","RUS",56.0091,92.8628,"krasnoyarsk.RUS"
"kurgan","RUS",52.8059,81.6568,"kurgan.RUS"
"kaluga","RUS",54.529302,36.275415,"kaluga.RUS"
"kamensk-uralskiy","RUS",56.4185,61.9329,"kamensk-uralskiy.RUS"
"kazan","RUS",57.876621,48.510303,"kazan.RUS"
"kemerovo","RUS",55.333333,86.083333,"kemerovo.RUS"
"maykop","RUS",44.607778,40.105833,"maykop.RUS"
"moscow","RUS",55.752222,37.615556,"moscow.RUS"
"murmansk","RUS",68.979174,33.092514,"murmansk.RUS"
"murom","RUS",50.3082,36.709962,"murom.RUS"
"mytishchi","RUS",56.786257,40.152759,"mytishchi.RUS"
"nizhniy novgorod","RUS",56.326944,44.0075,"nizhniy novgorod.RUS"
"norilsk","RUS",69.3535,88.2027,"norilsk.RUS"
"novaya balakhna","RUS",56.489887,43.60114,"novaya balakhna.RUS"
"novokuznetsk","RUS",53.7557,87.1099,"novokuznetsk.RUS"
"novosibirsk","RUS",55.0415,82.9346,"novosibirsk.RUS"
"omsk","RUS",55,73.4,"omsk.RUS"
"orekhovo-zuevo","RUS",55.806722,38.961782,"orekhovo-zuevo.RUS"
"orenburg","RUS",53.3,141.466667,"orenburg.RUS"
"orlov","RUS",44.823056,40.367778,"orlov.RUS"
"orsk","RUS",55.2046,83.428,"orsk.RUS"
"pechora","RUS",65.147165,57.224392,"pechora.RUS"
"penza","RUS",54.444139,55.316321,"penza.RUS"
"perm","RUS",56.659167,93.028056,"perm.RUS"
"petrozavodsk","RUS",61.796131,34.349295,"petrozavodsk.RUS"
"raychikhinsk","RUS",49.7838,129.4121,"raychikhinsk.RUS"
"rostov-on-don","RUS",47.23135,39.723284,"rostov-on-don.RUS"
"ryazan","RUS",54.6339,85.5073,"ryazan.RUS"
"rybinsk","RUS",56.0959,98.2652,"rybinsk.RUS"
"saint petersburg","RUS",59.894444,30.264167,"saint petersburg.RUS"
"salavat","RUS",53.38365,55.907729,"salavat.RUS"
"samara","RUS",54.916667,60.916667,"samara.RUS"
"saransk","RUS",54.1838,45.1749,"saransk.RUS"
"saratov","RUS",51.540556,46.008611,"saratov.RUS"
"sayanogorsk","RUS",53.0875,91.399722,"sayanogorsk.RUS"
"serdobsk","RUS",52.458607,44.216892,"serdobsk.RUS"
"sertolovo","RUS",60.144399,30.201649,"sertolovo.RUS"
"shakhty","RUS",54.15,54.683333,"shakhty.RUS"
"smolensk","RUS",54.7818,32.0401,"smolensk.RUS"
"snegiri","RUS",55.3683,62.5604,"snegiri.RUS"
"sochi","RUS",43.599167,39.725689,"sochi.RUS"
"stavropol","RUS",46.617222,42.258056,"stavropol.RUS"
"lipetsk","RUS",52.603111,39.570762,"lipetsk.RUS"
"togliatti","RUS",53.5303,49.3461,"togliatti.RUS"
"tomsk","RUS",56.494167,84.974167,"tomsk.RUS"
"troitsko-pechorsk","RUS",62.708359,56.196426,"troitsko-pechorsk.RUS"
"tuymazy","RUS",54.606657,53.709699,"tuymazy.RUS"
"tyumen","RUS",52.9362,84.5942,"tyumen.RUS"
"ufa","RUS",54.785167,56.045621,"ufa.RUS"
"ulan-ude","RUS",51.826053,107.609794,"ulan-ude.RUS"
"ulyanovsk","RUS",52.1191,34.4108,"ulyanovsk.RUS"
"vladimir","RUS",53.4714,102.6547,"vladimir.RUS"
"volgodonsk","RUS",47.5026,42.235,"volgodonsk.RUS"
"volgograd","RUS",48.71939,44.501835,"volgograd.RUS"
"vologda","RUS",59.2187,39.8886,"vologda.RUS"
"voronezh","RUS",51.195278,82.010278,"voronezh.RUS"
"vyborg","RUS",60.707631,28.752826,"vyborg.RUS"
"yakutsk","RUS",62.033889,129.733056,"yakutsk.RUS"
"yekaterinburg","RUS",56.8519,60.6122,"yekaterinburg.RUS"
"zelenogorsk","RUS",56.1124,94.5985,"zelenogorsk.RUS"
"zheleznogorsk","RUS",56.5768,104.1217,"zheleznogorsk.RUS"
"barnaul","RUS",53.360556,83.763611,"barnaul.RUS"
"bataysk","RUS",47.139747,39.75181,"bataysk.RUS"
"belgorod","RUS",50.610743,36.580152,"belgorod.RUS"
"berdsk","RUS",54.7551,83.0967,"berdsk.RUS"
"biysk","RUS",52.536389,85.207222,"biysk.RUS"
"bolshaya lopatina","RUS",46.6446,39.5783,"bolshaya lopatina.RUS"
"taganrog","RUS",47.23617,38.896878,"taganrog.RUS"
"balakovo","RUS",51.9284,47.9172,"balakovo.RUS"
"asbest","RUS",57.009934,61.457763,"asbest.RUS"
"arkhangelsk","RUS",64.5401,40.5433,"arkhangelsk.RUS"
"ar riyadh","SAU",24.653664,46.71522,"ar riyadh.SAU"
"dammam","SAU",26.434417,50.103263,"dammam.SAU"
"jeddah","SAU",21.516944,39.219167,"jeddah.SAU"
"makkah","SAU",21.426667,39.826111,"makkah.SAU"
"riyadh","SAU",24.653664,46.71522,"riyadh.SAU"
"gothenburg","SWE",57.716667,11.966667,"gothenburg.SWE"
"motala","SWE",58.55,15.05,"motala.SWE"
"singapore","SGP",1.2930556,103.8558333,"singapore.SGP"
"kranj","SVN",46.2411111,14.3616667,"kranj.SVN"
"ljubljana","SVN",46.0552778,14.5144444,"ljubljana.SVN"
"poprad","SVK",49.05,20.3,"poprad.SVK"
"presov","SVK",49,21.25,"presov.SVK"
"zilina","SVK",49.2166667,18.7333333,"zilina.SVK"
"zvolen","SVK",48.5833333,19.1333333,"zvolen.SVK"
"kezmarok","SVK",49.1333333,20.4333333,"kezmarok.SVK"
"kosice","SVK",48.7166667,21.25,"kosice.SVK"
"san miguel","SLV",13.7333333,-89.2166667,"san miguel.SLV"
"san salvador","SLV",13.7086111,-89.2030556,"san salvador.SLV"
"soyapango","SLV",13.7347222,-89.1513889,"soyapango.SLV"
"chachoengsao","THA",13.688195,101.071556,"chachoengsao.THA"
"chanthaburi","THA",12.609611,102.104472,"chanthaburi.THA"
"chiang mai","THA",18.790376,98.984683,"chiang mai.THA"
"chon buri","THA",13.362199,100.983454,"chon buri.THA"
"nakhon ratchasima","THA",14.971596,102.08255,"nakhon ratchasima.THA"
"nonthaburi","THA",13.862167,100.513417,"nonthaburi.THA"
"pattaya","THA",12.933333,100.883333,"pattaya.THA"
"phetchabun","THA",16.443306,101.147528,"phetchabun.THA"
"songkhla","THA",7.198822,100.595098,"songkhla.THA"
"bangkok","THA",13.753979,100.501444,"bangkok.THA"
"ariana","TUN",36.860117,10.193371,"ariana.TUN"
"tunis","TUN",36.806112,10.171078,"tunis.TUN"
"erzincan","TUR",39.752222,39.492778,"erzincan.TUR"
"giresun","TUR",39.383189,27.656121,"giresun.TUR"
"adana","TUR",38.633333,28.883333,"adana.TUR"
"ankara","TUR",39.911652,32.840305,"ankara.TUR"
"antalya","TUR",36.908118,30.695565,"antalya.TUR"
"aydin","TUR",38.5,30.483333,"aydin.TUR"
"batman","TUR",39.094579,39.561001,"batman.TUR"
"bolu","TUR",40.735833,31.606111,"bolu.TUR"
"bursa","TUR",40.58146,30.910385,"bursa.TUR"
"denizli","TUR",40.158422,34.155497,"denizli.TUR"
"samsun","TUR",41.286667,36.33,"samsun.TUR"
"tekirdag","TUR",40.978012,27.508524,"tekirdag.TUR"
"van","TUR",38.492393,43.38311,"van.TUR"
"yalova","TUR",40.261591,26.414453,"yalova.TUR"
"yozgat","TUR",39.083333,31.083333,"yozgat.TUR"
"kocaeli","TUR",39.626901,27.551705,"kocaeli.TUR"
"konya","TUR",37.871354,32.484636,"konya.TUR"
"malatya","TUR",39.216667,30.333333,"malatya.TUR"
"maltepe","TUR",37.809621,37.675467,"maltepe.TUR"
"mardin","TUR",38.562306,35.754235,"mardin.TUR"
"mersin","TUR",36.732778,34.644167,"mersin.TUR"
"mugla","TUR",37.218066,28.366497,"mugla.TUR"
"nevsehir","TUR",38.625,34.712222,"nevsehir.TUR"
"ordu","TUR",35.9025,36.062721,"ordu.TUR"
"isparta","TUR",37.764444,30.552222,"isparta.TUR"
"istanbul","TUR",41.018611,28.964722,"istanbul.TUR"
"izmir","TUR",38.412726,27.138376,"izmir.TUR"
"hatay","TUR",36.206551,36.157225,"hatay.TUR"
"kayseri","TUR",38.732222,35.485278,"kayseri.TUR"
"kirklareli","TUR",41.735082,27.22521,"kirklareli.TUR"
"arima","TTO",10.6333333,-61.2833333,"arima.TTO"
"port-of-spain","TTO",10.65,-61.5166667,"port-of-spain.TTO"
"kaohsiung","TWN",22.6177778,120.3013889,"kaohsiung.TWN"
"taichung","TWN",24.1433333,120.6813889,"taichung.TWN"
"tainan","TWN",22.9933333,120.2036111,"tainan.TWN"
"taipei","TWN",25.0391667,121.525,"taipei.TWN"
"dar es salaam","TZA",-5.25,38.8333333,"dar es salaam.TZA"
"myrhorod","UKR",49.968545,33.60886,"myrhorod.UKR"
"nikolaev","UKR",46.965909,31.997403,"nikolaev.UKR"
"odessa","UKR",46.463934,30.738551,"odessa.UKR"
"makiyivka","UKR",49.004549,31.665286,"makiyivka.UKR"
"mariupol","UKR",47.105705,37.533086,"mariupol.UKR"
"alchevsk","UKR",48.468928,38.816689,"alchevsk.UKR"
"bobrovitsa","UKR",50.746927,31.394802,"bobrovitsa.UKR"
"borodyanka","UKR",50.644842,29.920103,"borodyanka.UKR"
"bryanka","UKR",48.510998,38.672218,"bryanka.UKR"
"cherkasy","UKR",49.428536,32.06207,"cherkasy.UKR"
"chernihiv","UKR",51.505507,31.284875,"chernihiv.UKR"
"chernivtsi","UKR",48.291488,25.940341,"chernivtsi.UKR"
"dnepropetrovsk","UKR",48.46298,35.039043,"dnepropetrovsk.UKR"
"donetsk","UKR",47.991664,37.775928,"donetsk.UKR"
"drogobych","UKR",49.349908,23.505614,"drogobych.UKR"
"druzhkovka","UKR",48.57909,37.609409,"druzhkovka.UKR"
"horlivka","UKR",48.346981,38.054189,"horlivka.UKR"
"ivanofrankovsk","UKR",48.921504,24.709716,"ivanofrankovsk.UKR"
"kharkiv","UKR",49.980814,36.252718,"kharkiv.UKR"
"kharkov","UKR",49.980814,36.252718,"kharkov.UKR"
"kherson","UKR",46.655814,32.6178,"kherson.UKR"
"khmelnitskiy","UKR",47.727758,34.137161,"khmelnitskiy.UKR"
"kiev","UKR",50.433333,30.516667,"kiev.UKR"
"kirovograd","UKR",48.513199,32.259702,"kirovograd.UKR"
"kramatorsk","UKR",48.72305,37.556287,"kramatorsk.UKR"
"krasnodon","UKR",48.292289,39.737292,"krasnodon.UKR"
"liman","UKR",48.35199,37.206015,"liman.UKR"
"lisichansk","UKR",48.904848,38.442066,"lisichansk.UKR"
"lugansk","UKR",48.567046,39.31706,"lugansk.UKR"
"luhansk","UKR",48.567046,39.31706,"luhansk.UKR"
"lviv","UKR",49.840661,24.030451,"lviv.UKR"
"rivne","UKR",46.362678,34.757885,"rivne.UKR"
"rovenki","UKR",48.083315,39.377638,"rovenki.UKR"
"sevastopol","UKR",44.588828,33.5224,"sevastopol.UKR"
"severodonetsk","UKR",48.94832,38.491655,"severodonetsk.UKR"
"shepetivka","UKR",50.185447,27.063647,"shepetivka.UKR"
"simferopol","UKR",44.957186,34.110787,"simferopol.UKR"
"sumy","UKR",50.921597,34.800294,"sumy.UKR"
"pavlograd","UKR",48.53341,35.870499,"pavlograd.UKR"
"poltava","UKR",49.568056,37.2475,"poltava.UKR"
"vinnitsa","UKR",49.846389,37.718611,"vinnitsa.UKR"
"vinnytsya","UKR",49.232776,28.480968,"vinnytsya.UKR"
"zaporizhzhya","UKR",48.103482,36.993502,"zaporizhzhya.UKR"
"zaporozhe","UKR",47.516667,35.566667,"zaporozhe.UKR"
"zaporozhye","UKR",47.85,35.283333,"zaporozhye.UKR"
"zhitomir","UKR",50.264868,28.676691,"zhitomir.UKR"
"uzhgorod","UKR",48.616667,22.3,"uzhgorod.UKR"
"ternopil","UKR",49.555887,25.605565,"ternopil.UKR"
"ternopol","UKR",49.555887,25.605565,"ternopol.UKR"
"kampala","UGA",0.3155556,32.5655556,"kampala.UGA"
"albertville","USA",34.2675,-86.2088889,"albertville.USA"
"arlington","USA",32.0569444,-87.5886111,"arlington.USA"
"aurora","USA",34.1166667,-86.1925,"aurora.USA"
"blue springs","USA",31.6636111,-85.5066667,"blue springs.USA"
"boston","USA",31.4677778,-86.4819444,"boston.USA"
"buffalo","USA",32.9461111,-85.4019444,"buffalo.USA"
"burbank","USA",31.2177778,-88.3905556,"burbank.USA"
"caledonia","USA",31.8902778,-87.0875,"caledonia.USA"
"cedar bluff","USA",34.22,-85.6077778,"cedar bluff.USA"
"chapel hill","USA",32.9944444,-85.4330556,"chapel hill.USA"
"clarksville","USA",31.7288889,-87.8930556,"clarksville.USA"
"cleveland","USA",33.9908333,-86.5775,"cleveland.USA"
"columbia","USA",31.2925,-85.1116667,"columbia.USA"
"columbus","USA",33.7580556,-86.7533333,"columbus.USA"
"dallas","USA",33.8494444,-86.6605556,"dallas.USA"
"danville","USA",34.4144444,-87.0875,"danville.USA"
"denver","USA",32.9938889,-85.6066667,"denver.USA"
"beloit","USA",32.3541667,-87.1486111,"beloit.USA"
"frankfort","USA",34.5633333,-87.8422222,"frankfort.USA"
"fremont","USA",32.5452778,-86.8947222,"fremont.USA"
"gadsden","USA",34.0141667,-86.0066667,"gadsden.USA"
"gainesville","USA",32.8208333,-88.1588889,"gainesville.USA"
"glendale","USA",33.6047222,-86.8047222,"glendale.USA"
"greenfield","USA",34.8277778,-86.4122222,"greenfield.USA"
"greenville","USA",31.8294444,-86.6177778,"greenville.USA"
"hamilton","USA",34.1422222,-87.9886111,"hamilton.USA"
"homestead","USA",33.2058333,-86.4683333,"homestead.USA"
"jacksonville","USA",33.8136111,-85.7613889,"jacksonville.USA"
"knoxville","USA",32.9922222,-87.7905556,"knoxville.USA"
"lafayette","USA",32.8997222,-85.4011111,"lafayette.USA"
"lawrenceville","USA",31.6575,-85.2691667,"lawrenceville.USA"
"libertyville","USA",31.2413889,-86.4613889,"libertyville.USA"
"littleton","USA",34.0669444,-86.1330556,"littleton.USA"
"live oak","USA",31.8083333,-86.2475,"live oak.USA"
"madison","USA",34.6991667,-86.7483333,"madison.USA"
"mansfield","USA",33.8541667,-87.9741667,"mansfield.USA"
"florence","USA",34.7997222,-87.6772222,"florence.USA"
"folsom","USA",32.6825,-87.4058333,"folsom.USA"
"mobile","USA",30.6941667,-88.0430556,"mobile.USA"
"monticello","USA",31.8252778,-85.7786111,"monticello.USA"
"needham","USA",31.9877778,-88.3366667,"needham.USA"
"newton","USA",31.335,-85.6052778,"newton.USA"
"norwood","USA",33.5338889,-86.7991667,"norwood.USA"
"oakland","USA",33.0136111,-85.2388889,"oakland.USA"
"orange","USA",34.3575,-87.5533333,"orange.USA"
"ozark","USA",31.4588889,-85.6405556,"ozark.USA"
"philadelphia","USA",33.9416667,-85.5477778,"philadelphia.USA"
"pinedale","USA",32.295,-86.2386111,"pinedale.USA"
"plant city","USA",32.8530556,-85.1908333,"plant city.USA"
"providence","USA",31.7219444,-86.8227778,"providence.USA"
"springfield","USA",31.8336111,-87.7619444,"springfield.USA"
"summerville","USA",30.7452778,-88.0766667,"summerville.USA"
"taylor","USA",31.1647222,-85.4683333,"taylor.USA"
"underwood","USA",34.8711111,-87.7008333,"underwood.USA"
"wayne","USA",32.1055556,-87.8008333,"wayne.USA"
"wellington","USA",33.8225,-85.8927778,"wellington.USA"
"westland","USA",33.2380556,-87.6786111,"westland.USA"
"williamsburg","USA",33.6144444,-87.0533333,"williamsburg.USA"
"woodward","USA",33.4352778,-86.9580556,"woodward.USA"
"york","USA",32.4861111,-88.2963889,"york.USA"
"garner","USA",63.8291667,-148.9733333,"garner.USA"
"clifton","USA",33.0508333,-109.2955556,"clifton.USA"
"meadville","USA",32.0677778,-86.1438889,"meadville.USA"
"atlanta","USA",43.8016667,-115.1258333,"atlanta.USA"
"bronx","USA",48.3519444,-116.5463889,"bronx.USA"
"burke","USA",47.5202778,-115.8191667,"burke.USA"
"dover","USA",48.2516667,-116.61,"dover.USA"
"lewisville","USA",43.6958333,-112.0097222,"lewisville.USA"
"paris","USA",42.2272222,-111.4002778,"paris.USA"
"soda springs","USA",42.6544444,-111.6038889,"soda springs.USA"
"austin","USA",41.8875,-87.7647222,"austin.USA"
"batavia","USA",41.85,-88.3125,"batavia.USA"
"bennett","USA",40.0641667,-87.8061111,"bennett.USA"
"brookfield","USA",41.8238889,-87.8516667,"brookfield.USA"
"canton","USA",40.5580556,-90.035,"canton.USA"
"charlotte","USA",40.8197222,-88.2888889,"charlotte.USA"
"cherry hill","USA",41.5233333,-88.0144444,"cherry hill.USA"
"chicago","USA",41.85,-87.65,"chicago.USA"
"dekalb","USA",41.9294444,-88.7502778,"dekalb.USA"
"el paso","USA",40.7391667,-89.0163889,"el paso.USA"
"elizabeth","USA",42.3177778,-90.2213889,"elizabeth.USA"
"enfield","USA",38.0994444,-88.3375,"enfield.USA"
"hammond","USA",39.7969444,-88.5916667,"hammond.USA"
"hinsdale","USA",41.8008333,-87.9369444,"hinsdale.USA"
"muncie","USA",40.1155556,-87.8447222,"muncie.USA"
"newark","USA",41.5369444,-88.5833333,"newark.USA"
"peoria","USA",40.6936111,-89.5888889,"peoria.USA"
"phoenix","USA",41.6111111,-87.6347222,"phoenix.USA"
"quincy","USA",39.9355556,-91.4097222,"quincy.USA"
"rochester","USA",39.7494444,-89.5316667,"rochester.USA"
"sacramento","USA",38.0316667,-88.3375,"sacramento.USA"
"san jose","USA",40.3055556,-89.6027778,"san jose.USA"
"stratford","USA",41.9969444,-89.4908333,"stratford.USA"
"terre haute","USA",40.6663889,-90.9811111,"terre haute.USA"
"urbana","USA",40.1105556,-88.2072222,"urbana.USA"
"washington","USA",40.7036111,-89.4072222,"washington.USA"
"watertown","USA",41.9852778,-89.2944444,"watertown.USA"
"williamson","USA",38.9855556,-89.7638889,"williamson.USA"
"bentonville","USA",39.7452778,-85.1941667,"bentonville.USA"
"fredericksburg","USA",38.4330556,-86.1897222,"fredericksburg.USA"
"indianapolis","USA",39.7683333,-86.1580556,"indianapolis.USA"
"miami","USA",33.3991667,-110.8680556,"miami.USA"
"san rafael","USA",31.7372222,-112.0236111,"san rafael.USA"
"santa rosa","USA",32.3236111,-112.0405556,"santa rosa.USA"
"scottsdale","USA",33.5091667,-111.8983333,"scottsdale.USA"
"tempe","USA",33.4147222,-111.9086111,"tempe.USA"
"brewer","USA",35.67,-92.1794444,"brewer.USA"
"excelsior","USA",35.2,-94.3141667,"excelsior.USA"
"forest grove","USA",33.0422222,-93.1644444,"forest grove.USA"
"marianna","USA",34.7736111,-90.7575,"marianna.USA"
"melbourne","USA",36.0594444,-91.9083333,"melbourne.USA"
"monroe","USA",34.7347222,-91.1044444,"monroe.USA"
"buena park","USA",33.8675,-117.9972222,"buena park.USA"
"caribou","USA",40.0805556,-121.1566667,"caribou.USA"
"edison","USA",35.3475,-118.8708333,"edison.USA"
"escondido","USA",33.1191667,-117.0855556,"escondido.USA"
"hayward","USA",37.6688889,-122.0797222,"hayward.USA"
"imperial beach","USA",32.5838889,-117.1122222,"imperial beach.USA"
"irvine","USA",33.6694444,-117.8222222,"irvine.USA"
"los angeles","USA",34.0522222,-118.2427778,"los angeles.USA"
"oxnard","USA",34.1975,-119.1761111,"oxnard.USA"
"saint louis","USA",39.6986111,-120.9238889,"saint louis.USA"
"san diego","USA",32.7152778,-117.1563889,"san diego.USA"
"san francisco","USA",37.775,-122.4183333,"san francisco.USA"
"santa clara","USA",37.3541667,-121.9541667,"santa clara.USA"
"suisun city","USA",38.2383333,-122.0391667,"suisun city.USA"
"tyrone","USA",38.4491667,-122.9994444,"tyrone.USA"
"vallejo","USA",38.1041667,-122.2555556,"vallejo.USA"
"battle creek","USA",41.0013889,-107.2444444,"battle creek.USA"
"branson","USA",37.0175,-103.8838889,"branson.USA"
"hiawatha","USA",40.9883333,-108.6197222,"hiawatha.USA"
"lake george","USA",38.9797222,-105.3569444,"lake george.USA"
"tampa","USA",40.15,-104.455,"tampa.USA"
"myrtle beach","USA",41.1961111,-73.0769444,"myrtle beach.USA"
"goldsboro","USA",39.1566667,-75.52,"goldsboro.USA"
"boardman","USA",29.4672222,-82.2141667,"boardman.USA"
"deltona","USA",28.9002778,-81.2638889,"deltona.USA"
"highland lakes","USA",27.6336111,-81.5219444,"highland lakes.USA"
"lake butler","USA",30.0225,-82.3397222,"lake butler.USA"
"lumberton","USA",28.2658333,-82.1366667,"lumberton.USA"
"lynchburg","USA",28.0877778,-81.7552778,"lynchburg.USA"
"new york","USA",30.8383333,-87.2008333,"new york.USA"
"pompano beach","USA",26.2375,-80.125,"pompano beach.USA"
"sebring","USA",27.4952778,-81.4411111,"sebring.USA"
"tallahassee","USA",30.4380556,-84.2808333,"tallahassee.USA"
"titusville","USA",28.6119444,-80.8077778,"titusville.USA"
"west palm beach","USA",26.715,-80.0536111,"west palm beach.USA"
"yulee","USA",30.6316667,-81.6066667,"yulee.USA"
"ashburn","USA",31.7058333,-83.6533333,"ashburn.USA"
"belton","USA",34.3997222,-83.6555556,"belton.USA"
"conley","USA",33.6447222,-84.3258333,"conley.USA"
"manassas","USA",32.1602778,-82.0197222,"manassas.USA"
"mount airy","USA",34.5186111,-83.5008333,"mount airy.USA"
"nicholasville","USA",31.4038889,-84.67,"nicholasville.USA"
"mattapan","USA",42.2722222,-71.0875,"mattapan.USA"
"medford","USA",42.4183333,-71.1066667,"medford.USA"
"pottersville","USA",41.75,-71.1416667,"pottersville.USA"
"topsfield","USA",42.6375,-70.95,"topsfield.USA"
"croswell","USA",43.2755556,-82.6211111,"croswell.USA"
"grand haven","USA",43.0630556,-86.2283333,"grand haven.USA"
"livonia","USA",42.3683333,-83.3527778,"livonia.USA"
"rapid city","USA",44.8344444,-85.2825,"rapid city.USA"
"stephenson","USA",45.4152778,-87.6075,"stephenson.USA"
"traverse city","USA",44.7630556,-85.6205556,"traverse city.USA"
"minneapolis","USA",44.98,-93.2636111,"minneapolis.USA"
"mound","USA",44.9366667,-93.6658333,"mound.USA"
"potsdam","USA",44.1655556,-92.3388889,"potsdam.USA"
"racine","USA",43.7761111,-92.4827778,"racine.USA"
"rosemount","USA",44.7394444,-93.1255556,"rosemount.USA"
"liberal","USA",38.0458333,-86.9430556,"liberal.USA"
"new albany","USA",38.2855556,-85.8241667,"new albany.USA"
"noblesville","USA",40.0455556,-86.0086111,"noblesville.USA"
"spartanburg","USA",40.0661111,-84.8516667,"spartanburg.USA"
"springboro","USA",40.5944444,-86.7758333,"springboro.USA"
"neptune","USA",42.6636111,-96.1558333,"neptune.USA"
"west chester","USA",41.3388889,-91.8175,"west chester.USA"
"brenham","USA",37.6097222,-99.2077778,"brenham.USA"
"baltimore","USA",36.6875,-88.8058333,"baltimore.USA"
"gilbertsville","USA",37.0244444,-88.2997222,"gilbertsville.USA"
"baton rouge","USA",30.4505556,-91.1544444,"baton rouge.USA"
"katy","USA",29.8272222,-91.5108333,"katy.USA"
"new orleans","USA",29.9544444,-90.075,"new orleans.USA"
"spokane","USA",31.6991667,-91.4602778,"spokane.USA"
"south paris","USA",44.2236111,-70.5138889,"south paris.USA"
"barre","USA",42.4227778,-72.1055556,"barre.USA"
"brookline","USA",42.3316667,-71.1216667,"brookline.USA"
"milwaukee","USA",36.4052778,-77.2325,"milwaukee.USA"
"pittsburgh","USA",48.6294444,-97.1777778,"pittsburgh.USA"
"fairborn","USA",39.8208333,-84.0194444,"fairborn.USA"
"north olmsted","USA",41.4155556,-81.9236111,"north olmsted.USA"
"saint paris","USA",40.1283333,-83.9597222,"saint paris.USA"
"tulsa","USA",36.1538889,-95.9925,"tulsa.USA"
"burgettstown","USA",40.3819444,-80.3930556,"burgettstown.USA"
"canonsburg","USA",40.2625,-80.1875,"canonsburg.USA"
"east stroudsburg","USA",40.9994444,-75.1816667,"east stroudsburg.USA"
"emmaus","USA",40.5394444,-75.4972222,"emmaus.USA"
"spring","USA",41.7966667,-80.3266667,"spring.USA"
"las vegas","USA",18.4333333,-66.1455556,"las vegas.USA"
"east providence","USA",41.8136111,-71.3705556,"east providence.USA"
"murrells inlet","USA",33.5508333,-79.0416667,"murrells inlet.USA"
"bethpage","USA",36.4816667,-86.3119444,"bethpage.USA"
"south fulton","USA",36.5008333,-88.8752778,"south fulton.USA"
"fort worth","USA",32.7252778,-97.3205556,"fort worth.USA"
"orem","USA",40.2969444,-111.6938889,"orem.USA"
"salt lake city","USA",40.7608333,-111.8902778,"salt lake city.USA"
"bellows falls","USA",43.1333333,-72.4444444,"bellows falls.USA"
"king george","USA",38.2680556,-77.1847222,"king george.USA"
"lynbrook","USA",38.7883333,-77.1830556,"lynbrook.USA"
"raymore","USA",43.9975,-90.6191667,"raymore.USA"
"flowood","USA",32.3094444,-90.1388889,"flowood.USA"
"ballwin","USA",38.595,-90.5461111,"ballwin.USA"
"cape girardeau","USA",37.3058333,-89.5180556,"cape girardeau.USA"
"hopewell junction","USA",41.5838889,-73.8091667,"hopewell junction.USA"
"north bergen","USA",43.1236111,-78.0136111,"north bergen.USA"
"montevideo","URY",-34.8580556,-56.1708333,"montevideo.URY"
"agua amarilla","VEN",9.4588889,-69.6338889,"agua amarilla.VEN"
"agua blanca","VEN",10.0583333,-70.4177778,"agua blanca.VEN"
"acarigua","VEN",11.3088889,-69.4527778,"acarigua.VEN"
"agua viva","VEN",8.3175,-69.6061111,"agua viva.VEN"
"altagracia","VEN",8.5647222,-64.0661111,"altagracia.VEN"
"alto de los godos","VEN",9.7269444,-63.2141667,"alto de los godos.VEN"
"anaco","VEN",9.4375,-64.4730556,"anaco.VEN"
"araure","VEN",9.5666667,-69.2166667,"araure.VEN"
"barcelona","VEN",10.1333333,-64.7,"barcelona.VEN"
"barinas","VEN",8.6291667,-70.2072222,"barinas.VEN"
"barquisimeto","VEN",10.0738889,-69.3227778,"barquisimeto.VEN"
"agua fria","VEN",8.7275,-63.5663889,"agua fria.VEN"
"cabimas","VEN",10.4019444,-71.4461111,"cabimas.VEN"
"cabudare","VEN",10.0288889,-69.0894444,"cabudare.VEN"
"cagua","VEN",10.1833333,-67.45,"cagua.VEN"
"caja seca","VEN",9.1441667,-71.0752778,"caja seca.VEN"
"caraballeda","VEN",10.6166667,-66.8333333,"caraballeda.VEN"
"caracas","VEN",9.0833333,-69.8333333,"caracas.VEN"
"casanay","VEN",10.5,-63.4166667,"casanay.VEN"
"catia la mar","VEN",10.6,-67.0333333,"catia la mar.VEN"
"chacao","VEN",8.9788889,-63.6922222,"chacao.VEN"
"charallave","VEN",10.2483333,-66.8566667,"charallave.VEN"
"chimpire","VEN",11.3552778,-69.1188889,"chimpire.VEN"
"chivacoa","VEN",10.1602778,-68.895,"chivacoa.VEN"
"ciudad ojeda","VEN",10.2033333,-71.31,"ciudad ojeda.VEN"
"coro","VEN",11.4091667,-69.6672222,"coro.VEN"
"guanare","VEN",9.0027778,-65.8327778,"guanare.VEN"
"guarenas","VEN",8.9383333,-63.6138889,"guarenas.VEN"
"guatire","VEN",8.2833333,-64.8666667,"guatire.VEN"
"guayana","VEN",10.3777778,-69.8755556,"guayana.VEN"
"la guaira","VEN",11.7666667,-69.95,"la guaira.VEN"
"lagunillas","VEN",8.5083333,-71.3869444,"lagunillas.VEN"
"la victoria","VEN",10.05,-65.4833333,"la victoria.VEN"
"lecheria","VEN",10.2,-64.7,"lecheria.VEN"
"los teques","VEN",10.35,-67.0333333,"los teques.VEN"
"machiques","VEN",10.0644444,-72.545,"machiques.VEN"
"guacara","VEN",7.4772222,-66.4244444,"guacara.VEN"
"san antonio de los altos","VEN",10.3666667,-66.9333333,"san antonio de los altos.VEN"
"san carlos","VEN",1.9166667,-67.0666667,"san carlos.VEN"
"san felipe","VEN",8.2833333,-64.5,"san felipe.VEN"
"san juan de los morros","VEN",9.9111111,-67.3583333,"san juan de los morros.VEN"
"santa cruz","VEN",3.2266667,-67.395,"santa cruz.VEN"
"santa teresa","VEN",8.5183333,-64.7633333,"santa teresa.VEN"
"tinaquillo","VEN",9.9186111,-68.3047222,"tinaquillo.VEN"
"trujillo","VEN",10.2052778,-66.2116667,"trujillo.VEN"
"turmero","VEN",9.7,-65.3333333,"turmero.VEN"
"valencia","VEN",7.6333333,-62.6238889,"valencia.VEN"
"valera","VEN",9.3177778,-70.6036111,"valera.VEN"
"valle de la pascua","VEN",9.2166667,-66,"valle de la pascua.VEN"
"villa de cura","VEN",10.0333333,-67.4833333,"villa de cura.VEN"
"yaritagua","VEN",10.08,-69.1261111,"yaritagua.VEN"
"punto fijo","VEN",9.9683333,-64.7,"punto fijo.VEN"
"maracaibo","VEN",10.6316667,-71.6405556,"maracaibo.VEN"
"maracay","VEN",8.2333333,-63.6666667,"maracay.VEN"
"mariara","VEN",10.2983333,-67.7161111,"mariara.VEN"
"ocumare del tuy","VEN",10.1216667,-66.7716667,"ocumare del tuy.VEN"
"porlamar","VEN",10.95,-63.85,"porlamar.VEN"
"puerto cabello","VEN",7.6511111,-67.0277778,"puerto cabello.VEN"
"puerto la cruz","VEN",5.1666667,-66.5333333,"puerto la cruz.VEN"
"puerto ordaz","VEN",8.2980556,-62.7186111,"puerto ordaz.VEN"
"dak ha","VNM",14.783333,107.933333,"dak ha.VNM"
"da nang","VNM",17.816667,105.9,"da nang.VNM"
"hai phong","VNM",20.856111,106.682222,"hai phong.VNM"
"ha nam","VNM",20.2,106.3,"ha nam.VNM"
"hanoi","VNM",21.033333,105.85,"hanoi.VNM"
"ha tinh","VNM",18.333333,105.9,"ha tinh.VNM"
"vinh long","VNM",14.066667,109.033333,"vinh long.VNM"
"ben tre","VNM",10.233333,106.383333,"ben tre.VNM"
"nam dinh","VNM",20.416667,106.166667,"nam dinh.VNM"
"nha trang","VNM",12.25,109.183333,"nha trang.VNM"
"ho chi minh city","VNM",10.75,106.666667,"ho chi minh city.VNM"
"hue","VNM",16.466667,107.6,"hue.VNM"
"truong dinh","VNM",9.916667,106.133333,"truong dinh.VNM"
"quang ngai","VNM",15.116667,108.8,"quang ngai.VNM"
"sanaa","YEM",13.8333333,44.6833333,"sanaa.YEM"
"bellville","ZAF",-33.900219,18.628468,"bellville.ZAF"
"durban","ZAF",-29.857896,31.029198,"durban.ZAF"
"johannesburg","ZAF",-26.205171,28.049815,"johannesburg.ZAF"
"pretoria","ZAF",-30.783403,28.594688,"pretoria.ZAF"
"stellenbosch","ZAF",-33.934621,18.866762,"stellenbosch.ZAF"
